b'Date',b'href',b'Visitor/Neutral',b'PTS',b'Home/Neutral',b'PTS',b'\xc2\xa0',b'\xc2\xa0',b'Attend.',b'Notes'
"Tue, Oct 10, 1972",/boxscores/197210100CHI.html,Philadelphia 76ers,89,Chicago Bulls,95,Box Score,,,
"Tue, Oct 10, 1972",/boxscores/197210100BUF.html,Atlanta Hawks,120,Buffalo Braves,109,Box Score,,,
"Tue, Oct 10, 1972",/boxscores/197210100NYK.html,Seattle SuperSonics,89,New York Knicks,113,Box Score,,,
"Tue, Oct 10, 1972",/boxscores/197210100CLE.html,Baltimore Bullets,102,Cleveland Cavaliers,90,Box Score,,,
"Wed, Oct 11, 1972",/boxscores/197210110DET.html,Boston Celtics,121,Detroit Pistons,108,Box Score,,,
"Wed, Oct 11, 1972",/boxscores/197210110PHI.html,Seattle SuperSonics,105,Philadelphia 76ers,100,Box Score,,,
"Wed, Oct 11, 1972",/boxscores/197210110KCO.html,Los Angeles Lakers,129,Kansas City-Omaha Kings,94,Box Score,,,"at Omaha, NE"
"Fri, Oct 13, 1972",/boxscores/197210130BAL.html,Atlanta Hawks,98,Baltimore Bullets,115,Box Score,,,
"Fri, Oct 13, 1972",/boxscores/197210130BOS.html,Los Angeles Lakers,104,Boston Celtics,112,Box Score,,,
"Fri, Oct 13, 1972",/boxscores/197210130CLE.html,Houston Rockets,109,Cleveland Cavaliers,108,Box Score,,,
"Fri, Oct 13, 1972",/boxscores/197210130DET.html,Chicago Bulls,91,Detroit Pistons,100,Box Score,,,
"Fri, Oct 13, 1972",/boxscores/197210130PHI.html,Buffalo Braves,104,Philadelphia 76ers,101,Box Score,,,
"Fri, Oct 13, 1972",/boxscores/197210130PHO.html,Milwaukee Bucks,117,Phoenix Suns,105,Box Score,,,
"Fri, Oct 13, 1972",/boxscores/197210130POR.html,Seattle SuperSonics,92,Portland Trail Blazers,84,Box Score,,,
"Sat, Oct 14, 1972",/boxscores/197210140BUF.html,Houston Rockets,121,Buffalo Braves,113,Box Score,,,
"Sat, Oct 14, 1972",/boxscores/197210140CHI.html,Boston Celtics,96,Chicago Bulls,88,Box Score,,,
"Sat, Oct 14, 1972",/boxscores/197210140GSW.html,Milwaukee Bucks,81,Golden State Warriors,77,Box Score,,,
"Sat, Oct 14, 1972",/boxscores/197210140KCO.html,Detroit Pistons,101,Kansas City-Omaha Kings,113,Box Score,,,
"Sat, Oct 14, 1972",/boxscores/197210140NYK.html,Los Angeles Lakers,100,New York Knicks,125,Box Score,,,
"Sat, Oct 14, 1972",/boxscores/197210140POR.html,Phoenix Suns,124,Portland Trail Blazers,120,Box Score,,,
"Sun, Oct 15, 1972",/boxscores/197210150PHO.html,Baltimore Bullets,98,Phoenix Suns,107,Box Score,,,
"Sun, Oct 15, 1972",/boxscores/197210150CLE.html,Los Angeles Lakers,95,Cleveland Cavaliers,83,Box Score,,,
"Sun, Oct 15, 1972",/boxscores/197210150ATL.html,New York Knicks,101,Atlanta Hawks,109,Box Score,,,
"Mon, Oct 16, 1972",/boxscores/197210160GSW.html,Baltimore Bullets,96,Golden State Warriors,97,Box Score,,,
"Tue, Oct 17, 1972",/boxscores/197210170ATL.html,Boston Celtics,119,Atlanta Hawks,115,Box Score,,,
"Tue, Oct 17, 1972",/boxscores/197210170BUF.html,Philadelphia 76ers,114,Buffalo Braves,122,Box Score,,,
"Tue, Oct 17, 1972",/boxscores/197210170NYK.html,Houston Rockets,95,New York Knicks,103,Box Score,,,
"Tue, Oct 17, 1972",/boxscores/197210170POR.html,Milwaukee Bucks,108,Portland Trail Blazers,111,Box Score,,,
"Thu, Oct 19, 1972",/boxscores/197210190KCO.html,Baltimore Bullets,94,Kansas City-Omaha Kings,83,Box Score,,,
"Fri, Oct 20, 1972",/boxscores/197210200CLE.html,New York Knicks,92,Cleveland Cavaliers,89,Box Score,,,
"Fri, Oct 20, 1972",/boxscores/197210200SEA.html,Golden State Warriors,101,Seattle SuperSonics,92,Box Score,,,
"Fri, Oct 20, 1972",/boxscores/197210200MIL.html,Detroit Pistons,86,Milwaukee Bucks,109,Box Score,,,
"Fri, Oct 20, 1972",/boxscores/197210200LAL.html,Portland Trail Blazers,104,Los Angeles Lakers,126,Box Score,,,
"Fri, Oct 20, 1972",/boxscores/197210200HOU.html,Atlanta Hawks,108,Houston Rockets,120,Box Score,,,
"Fri, Oct 20, 1972",/boxscores/197210200BOS.html,Buffalo Braves,118,Boston Celtics,126,Box Score,,,
"Sat, Oct 21, 1972",/boxscores/197210210POR.html,Golden State Warriors,104,Portland Trail Blazers,97,Box Score,,,
"Sat, Oct 21, 1972",/boxscores/197210210PHO.html,Seattle SuperSonics,117,Phoenix Suns,129,Box Score,,,
"Sat, Oct 21, 1972",/boxscores/197210210NYK.html,Philadelphia 76ers,88,New York Knicks,111,Box Score,,,
"Sat, Oct 21, 1972",/boxscores/197210210HOU.html,Chicago Bulls,130,Houston Rockets,97,Box Score,,,
"Sat, Oct 21, 1972",/boxscores/197210210DET.html,Cleveland Cavaliers,96,Detroit Pistons,103,Box Score,,,
"Sat, Oct 21, 1972",/boxscores/197210210KCO.html,Atlanta Hawks,101,Kansas City-Omaha Kings,108,Box Score,,,
"Sat, Oct 21, 1972",/boxscores/197210210BAL.html,Boston Celtics,104,Baltimore Bullets,101,Box Score,,,
"Sat, Oct 21, 1972",/boxscores/197210210BUF.html,Milwaukee Bucks,91,Buffalo Braves,63,Box Score,,,
"Sun, Oct 22, 1972",/boxscores/197210220CLE.html,Milwaukee Bucks,104,Cleveland Cavaliers,84,Box Score,,,
"Sun, Oct 22, 1972",/boxscores/197210220LAL.html,Chicago Bulls,99,Los Angeles Lakers,104,Box Score,,,
"Sun, Oct 22, 1972",/boxscores/197210220SEA.html,Portland Trail Blazers,119,Seattle SuperSonics,120,Box Score,OT,,
"Mon, Oct 23, 1972",/boxscores/197210230BOS.html,Philadelphia 76ers,85,Boston Celtics,105,Box Score,,,
"Tue, Oct 24, 1972",/boxscores/197210240BUF.html,Boston Celtics,105,Buffalo Braves,97,Box Score,,,
"Tue, Oct 24, 1972",/boxscores/197210240KCO.html,Los Angeles Lakers,114,Kansas City-Omaha Kings,94,Box Score,,,
"Tue, Oct 24, 1972",/boxscores/197210240NYK.html,Cleveland Cavaliers,90,New York Knicks,123,Box Score,,,
"Tue, Oct 24, 1972",/boxscores/197210240PHO.html,Chicago Bulls,107,Phoenix Suns,106,Box Score,,,
"Tue, Oct 24, 1972",/boxscores/197210240POR.html,Atlanta Hawks,118,Portland Trail Blazers,110,Box Score,,,
"Wed, Oct 25, 1972",/boxscores/197210250DET.html,Baltimore Bullets,115,Detroit Pistons,105,Box Score,,,
"Wed, Oct 25, 1972",/boxscores/197210250HOU.html,Los Angeles Lakers,112,Houston Rockets,107,Box Score,,,"at San Antonio, TX"
"Wed, Oct 25, 1972",/boxscores/197210250MIL.html,Buffalo Braves,92,Milwaukee Bucks,109,Box Score,,,
"Wed, Oct 25, 1972",/boxscores/197210250PHI.html,Cleveland Cavaliers,113,Philadelphia 76ers,108,Box Score,,,
"Wed, Oct 25, 1972",/boxscores/197210250SEA.html,Atlanta Hawks,118,Seattle SuperSonics,115,Box Score,,,
"Thu, Oct 26, 1972",/boxscores/197210260KCO.html,Milwaukee Bucks,114,Kansas City-Omaha Kings,107,Box Score,,,
"Thu, Oct 26, 1972",/boxscores/197210260GSW.html,Chicago Bulls,94,Golden State Warriors,93,Box Score,,,
"Fri, Oct 27, 1972",/boxscores/197210270BAL.html,New York Knicks,92,Baltimore Bullets,88,Box Score,,,
"Fri, Oct 27, 1972",/boxscores/197210270BOS.html,Cleveland Cavaliers,97,Boston Celtics,123,Box Score,,,
"Fri, Oct 27, 1972",/boxscores/197210270HOU.html,Detroit Pistons,118,Houston Rockets,130,Box Score,,,
"Fri, Oct 27, 1972",/boxscores/197210270LAL.html,Golden State Warriors,119,Los Angeles Lakers,91,Box Score,,,
"Fri, Oct 27, 1972",/boxscores/197210270POR.html,Chicago Bulls,118,Portland Trail Blazers,95,Box Score,,,
"Fri, Oct 27, 1972",/boxscores/197210270SEA.html,Phoenix Suns,115,Seattle SuperSonics,120,Box Score,,,
"Sat, Oct 28, 1972",/boxscores/197210280NYK.html,Baltimore Bullets,90,New York Knicks,94,Box Score,,,
"Sat, Oct 28, 1972",/boxscores/197210280PHI.html,Milwaukee Bucks,96,Philadelphia 76ers,92,Box Score,,,
"Sat, Oct 28, 1972",/boxscores/197210280GSW.html,Atlanta Hawks,107,Golden State Warriors,122,Box Score,,,
"Sat, Oct 28, 1972",/boxscores/197210280BUF.html,Kansas City-Omaha Kings,113,Buffalo Braves,102,Box Score,,,
"Sun, Oct 29, 1972",/boxscores/197210290CLE.html,Kansas City-Omaha Kings,97,Cleveland Cavaliers,115,Box Score,,,
"Sun, Oct 29, 1972",/boxscores/197210290LAL.html,Phoenix Suns,123,Los Angeles Lakers,133,Box Score,,,
"Sun, Oct 29, 1972",/boxscores/197210290POR.html,Detroit Pistons,119,Portland Trail Blazers,111,Box Score,,,
"Sun, Oct 29, 1972",/boxscores/197210290SEA.html,Chicago Bulls,95,Seattle SuperSonics,94,Box Score,,,
"Tue, Oct 31, 1972",/boxscores/197210310ATL.html,Houston Rockets,106,Atlanta Hawks,105,Box Score,,,
"Tue, Oct 31, 1972",/boxscores/197210310CHI.html,Kansas City-Omaha Kings,95,Chicago Bulls,104,Box Score,,,
"Tue, Oct 31, 1972",/boxscores/197210310CLE.html,Philadelphia 76ers,116,Cleveland Cavaliers,126,Box Score,,,
"Tue, Oct 31, 1972",/boxscores/197210310GSW.html,Detroit Pistons,104,Golden State Warriors,112,Box Score,,,
"Wed, Nov 1, 1972",/boxscores/197211010KCO.html,New York Knicks,122,Kansas City-Omaha Kings,85,Box Score,,,"at Omaha, NE"
"Wed, Nov 1, 1972",/boxscores/197211010PHI.html,Houston Rockets,108,Philadelphia 76ers,104,Box Score,,,
"Wed, Nov 1, 1972",/boxscores/197211010SEA.html,Detroit Pistons,116,Seattle SuperSonics,106,Box Score,,,
"Thu, Nov 2, 1972",/boxscores/197211020GSW.html,Portland Trail Blazers,104,Golden State Warriors,118,Box Score,,,
"Fri, Nov 3, 1972",/boxscores/197211030BOS.html,Baltimore Bullets,96,Boston Celtics,109,Box Score,,,
"Fri, Nov 3, 1972",/boxscores/197211030CHI.html,Phoenix Suns,100,Chicago Bulls,115,Box Score,,,
"Fri, Nov 3, 1972",/boxscores/197211030CLE.html,Buffalo Braves,97,Cleveland Cavaliers,124,Box Score,,,
"Fri, Nov 3, 1972",/boxscores/197211030HOU.html,Atlanta Hawks,114,Houston Rockets,108,Box Score,,,
"Fri, Nov 3, 1972",/boxscores/197211030LAL.html,Detroit Pistons,107,Los Angeles Lakers,116,Box Score,,,
"Fri, Nov 3, 1972",/boxscores/197211030PHI.html,Kansas City-Omaha Kings,114,Philadelphia 76ers,101,Box Score,,,
"Fri, Nov 3, 1972",/boxscores/197211030SEA.html,New York Knicks,105,Seattle SuperSonics,80,Box Score,,,
"Sat, Nov 4, 1972",/boxscores/197211040ATL.html,Philadelphia 76ers,120,Atlanta Hawks,128,Box Score,,,
"Sat, Nov 4, 1972",/boxscores/197211040BAL.html,Cleveland Cavaliers,98,Baltimore Bullets,108,Box Score,,,"at College Park, MD"
"Sat, Nov 4, 1972",/boxscores/197211040BOS.html,Kansas City-Omaha Kings,118,Boston Celtics,107,Box Score,,,
"Sat, Nov 4, 1972",/boxscores/197211040BUF.html,Chicago Bulls,99,Buffalo Braves,101,Box Score,,,
"Sat, Nov 4, 1972",/boxscores/197211040DET.html,Houston Rockets,118,Detroit Pistons,108,Box Score,,,"at San Antonio, TX"
"Sat, Nov 4, 1972",/boxscores/197211040GSW.html,New York Knicks,104,Golden State Warriors,127,Box Score,,,
"Sat, Nov 4, 1972",/boxscores/197211040MIL.html,Phoenix Suns,105,Milwaukee Bucks,104,Box Score,,,
"Sat, Nov 4, 1972",/boxscores/197211040POR.html,Los Angeles Lakers,134,Portland Trail Blazers,120,Box Score,,,
"Sun, Nov 5, 1972",/boxscores/197211050CLE.html,Phoenix Suns,107,Cleveland Cavaliers,106,Box Score,,,
"Sun, Nov 5, 1972",/boxscores/197211050MIL.html,Philadelphia 76ers,113,Milwaukee Bucks,131,Box Score,,,
"Sun, Nov 5, 1972",/boxscores/197211050SEA.html,Los Angeles Lakers,124,Seattle SuperSonics,115,Box Score,,,
"Mon, Nov 6, 1972",/boxscores/197211060POR.html,New York Knicks,111,Portland Trail Blazers,95,Box Score,,,
"Tue, Nov 7, 1972",/boxscores/197211070ATL.html,Baltimore Bullets,107,Atlanta Hawks,109,Box Score,OT,,
"Tue, Nov 7, 1972",/boxscores/197211070BUF.html,Golden State Warriors,105,Buffalo Braves,91,Box Score,,,
"Tue, Nov 7, 1972",/boxscores/197211070LAL.html,Houston Rockets,109,Los Angeles Lakers,122,Box Score,,,
"Wed, Nov 8, 1972",/boxscores/197211080BAL.html,Buffalo Braves,94,Baltimore Bullets,126,Box Score,,,
"Wed, Nov 8, 1972",/boxscores/197211080BOS.html,Golden State Warriors,111,Boston Celtics,128,Box Score,,,
"Wed, Nov 8, 1972",/boxscores/197211080KCO.html,Philadelphia 76ers,107,Kansas City-Omaha Kings,125,Box Score,,,"at Omaha, NE"
"Wed, Nov 8, 1972",/boxscores/197211080MIL.html,Seattle SuperSonics,103,Milwaukee Bucks,116,Box Score,,,
"Wed, Nov 8, 1972",/boxscores/197211080PHO.html,Cleveland Cavaliers,99,Phoenix Suns,107,Box Score,,,
"Thu, Nov 9, 1972",/boxscores/197211090NYK.html,Atlanta Hawks,99,New York Knicks,101,Box Score,,,
"Fri, Nov 10, 1972",/boxscores/197211100BUF.html,Boston Celtics,106,Buffalo Braves,104,Box Score,,,
"Fri, Nov 10, 1972",/boxscores/197211100DET.html,Golden State Warriors,96,Detroit Pistons,121,Box Score,,,
"Fri, Nov 10, 1972",/boxscores/197211100LAL.html,Cleveland Cavaliers,88,Los Angeles Lakers,118,Box Score,,,
"Fri, Nov 10, 1972",/boxscores/197211100MIL.html,Baltimore Bullets,82,Milwaukee Bucks,120,Box Score,,,
"Fri, Nov 10, 1972",/boxscores/197211100PHI.html,New York Knicks,125,Philadelphia 76ers,106,Box Score,,,
"Fri, Nov 10, 1972",/boxscores/197211100PHO.html,Houston Rockets,109,Phoenix Suns,115,Box Score,,,
"Fri, Nov 10, 1972",/boxscores/197211100SEA.html,Kansas City-Omaha Kings,111,Seattle SuperSonics,106,Box Score,,,
"Sat, Nov 11, 1972",/boxscores/197211110ATL.html,Milwaukee Bucks,102,Atlanta Hawks,111,Box Score,,,
"Sat, Nov 11, 1972",/boxscores/197211110BAL.html,Chicago Bulls,111,Baltimore Bullets,106,Box Score,,,
"Sat, Nov 11, 1972",/boxscores/197211110BOS.html,Detroit Pistons,118,Boston Celtics,121,Box Score,,,
"Sat, Nov 11, 1972",/boxscores/197211110HOU.html,Philadelphia 76ers,114,Houston Rockets,112,Box Score,,,"at San Antonio, TX"
"Sat, Nov 11, 1972",/boxscores/197211110NYK.html,Golden State Warriors,103,New York Knicks,102,Box Score,OT,,
"Sun, Nov 12, 1972",/boxscores/197211120PHO.html,Philadelphia 76ers,108,Phoenix Suns,119,Box Score,,,
"Sun, Nov 12, 1972",/boxscores/197211120POR.html,Kansas City-Omaha Kings,100,Portland Trail Blazers,102,Box Score,,,
"Sun, Nov 12, 1972",/boxscores/197211120SEA.html,Cleveland Cavaliers,113,Seattle SuperSonics,107,Box Score,,,
"Tue, Nov 14, 1972",/boxscores/197211140ATL.html,Golden State Warriors,114,Atlanta Hawks,105,Box Score,,,
"Tue, Nov 14, 1972",/boxscores/197211140BAL.html,Houston Rockets,103,Baltimore Bullets,104,Box Score,,,
"Tue, Nov 14, 1972",/boxscores/197211140CHI.html,Seattle SuperSonics,80,Chicago Bulls,97,Box Score,,,
"Tue, Nov 14, 1972",/boxscores/197211140KCO.html,Buffalo Braves,100,Kansas City-Omaha Kings,106,Box Score,,,"at Omaha, NE"
"Tue, Nov 14, 1972",/boxscores/197211140MIL.html,Los Angeles Lakers,95,Milwaukee Bucks,92,Box Score,,,
"Tue, Nov 14, 1972",/boxscores/197211140NYK.html,Phoenix Suns,97,New York Knicks,103,Box Score,,,
"Tue, Nov 14, 1972",/boxscores/197211140POR.html,Cleveland Cavaliers,91,Portland Trail Blazers,100,Box Score,,,
"Wed, Nov 15, 1972",/boxscores/197211150BOS.html,Phoenix Suns,94,Boston Celtics,113,Box Score,,,
"Wed, Nov 15, 1972",/boxscores/197211150DET.html,Los Angeles Lakers,110,Detroit Pistons,99,Box Score,,,
"Wed, Nov 15, 1972",/boxscores/197211150KCO.html,Seattle SuperSonics,97,Kansas City-Omaha Kings,106,Box Score,,,
"Thu, Nov 16, 1972",/boxscores/197211160GSW.html,Philadelphia 76ers,106,Golden State Warriors,128,Box Score,,,
"Thu, Nov 16, 1972",/boxscores/197211160NYK.html,Houston Rockets,100,New York Knicks,119,Box Score,,,
"Fri, Nov 17, 1972",/boxscores/197211170BAL.html,Phoenix Suns,106,Baltimore Bullets,117,Box Score,,,
"Fri, Nov 17, 1972",/boxscores/197211170BOS.html,Milwaukee Bucks,95,Boston Celtics,88,Box Score,,,
"Fri, Nov 17, 1972",/boxscores/197211170DET.html,Chicago Bulls,96,Detroit Pistons,109,Box Score,,,
"Fri, Nov 17, 1972",/boxscores/197211170KCO.html,Cleveland Cavaliers,96,Kansas City-Omaha Kings,115,Box Score,,,
"Fri, Nov 17, 1972",/boxscores/197211170LAL.html,Buffalo Braves,100,Los Angeles Lakers,103,Box Score,,,
"Fri, Nov 17, 1972",/boxscores/197211170POR.html,Golden State Warriors,97,Portland Trail Blazers,105,Box Score,,,
"Fri, Nov 17, 1972",/boxscores/197211170SEA.html,Philadelphia 76ers,92,Seattle SuperSonics,105,Box Score,,,
"Sat, Nov 18, 1972",/boxscores/197211180ATL.html,Phoenix Suns,122,Atlanta Hawks,126,Box Score,,,
"Sat, Nov 18, 1972",/boxscores/197211180CHI.html,Baltimore Bullets,79,Chicago Bulls,95,Box Score,,,
"Sat, Nov 18, 1972",/boxscores/197211180GSW.html,Buffalo Braves,92,Golden State Warriors,120,Box Score,,,
"Sat, Nov 18, 1972",/boxscores/197211180KCO.html,Houston Rockets,117,Kansas City-Omaha Kings,127,Box Score,,,"at Omaha, NE"
"Sat, Nov 18, 1972",/boxscores/197211180NYK.html,Milwaukee Bucks,86,New York Knicks,87,Box Score,,,
"Sat, Nov 18, 1972",/boxscores/197211180POR.html,Seattle SuperSonics,102,Portland Trail Blazers,100,Box Score,,,
"Sun, Nov 19, 1972",/boxscores/197211190CLE.html,Atlanta Hawks,98,Cleveland Cavaliers,109,Box Score,,,
"Sun, Nov 19, 1972",/boxscores/197211190LAL.html,Philadelphia 76ers,95,Los Angeles Lakers,135,Box Score,,,
"Sun, Nov 19, 1972",/boxscores/197211190SEA.html,Buffalo Braves,84,Seattle SuperSonics,107,Box Score,,,
"Tue, Nov 21, 1972",/boxscores/197211210BUF.html,Baltimore Bullets,124,Buffalo Braves,88,Box Score,,,
"Tue, Nov 21, 1972",/boxscores/197211210CHI.html,Houston Rockets,105,Chicago Bulls,113,Box Score,,,
"Tue, Nov 21, 1972",/boxscores/197211210CLE.html,Seattle SuperSonics,88,Cleveland Cavaliers,98,Box Score,,,
"Tue, Nov 21, 1972",/boxscores/197211210DET.html,Atlanta Hawks,110,Detroit Pistons,113,Box Score,OT,,
"Tue, Nov 21, 1972",/boxscores/197211210KCO.html,Phoenix Suns,96,Kansas City-Omaha Kings,101,Box Score,,,
"Tue, Nov 21, 1972",/boxscores/197211210MIL.html,Boston Celtics,116,Milwaukee Bucks,102,Box Score,,,
"Tue, Nov 21, 1972",/boxscores/197211210NYK.html,Portland Trail Blazers,80,New York Knicks,108,Box Score,,,
"Wed, Nov 22, 1972",/boxscores/197211220BAL.html,Seattle SuperSonics,90,Baltimore Bullets,112,Box Score,,,
"Wed, Nov 22, 1972",/boxscores/197211220BOS.html,Portland Trail Blazers,107,Boston Celtics,126,Box Score,,,
"Wed, Nov 22, 1972",/boxscores/197211220HOU.html,Golden State Warriors,104,Houston Rockets,132,Box Score,,,
"Thu, Nov 23, 1972",/boxscores/197211230ATL.html,Seattle SuperSonics,97,Atlanta Hawks,110,Box Score,,,
"Thu, Nov 23, 1972",/boxscores/197211230PHO.html,Detroit Pistons,122,Phoenix Suns,128,Box Score,,,
"Fri, Nov 24, 1972",/boxscores/197211240BOS.html,New York Knicks,97,Boston Celtics,114,Box Score,,,
"Fri, Nov 24, 1972",/boxscores/197211240BUF.html,Philadelphia 76ers,96,Buffalo Braves,105,Box Score,,,"at Hershey, PA"
"Fri, Nov 24, 1972",/boxscores/197211240CHI.html,Golden State Warriors,96,Chicago Bulls,100,Box Score,,,
"Fri, Nov 24, 1972",/boxscores/197211240LAL.html,Detroit Pistons,123,Los Angeles Lakers,140,Box Score,,,
"Fri, Nov 24, 1972",/boxscores/197211240MIL.html,Kansas City-Omaha Kings,106,Milwaukee Bucks,115,Box Score,,,
"Sat, Nov 25, 1972",/boxscores/197211250ATL.html,Chicago Bulls,100,Atlanta Hawks,99,Box Score,,,
"Sat, Nov 25, 1972",/boxscores/197211250BAL.html,Milwaukee Bucks,101,Baltimore Bullets,91,Box Score,,,
"Sat, Nov 25, 1972",/boxscores/197211250BUF.html,Cleveland Cavaliers,103,Buffalo Braves,90,Box Score,,,
"Sat, Nov 25, 1972",/boxscores/197211250HOU.html,Seattle SuperSonics,109,Houston Rockets,114,Box Score,,,
"Sat, Nov 25, 1972",/boxscores/197211250KCO.html,Golden State Warriors,133,Kansas City-Omaha Kings,114,Box Score,,,
"Sat, Nov 25, 1972",/boxscores/197211250NYK.html,Boston Celtics,94,New York Knicks,97,Box Score,,,
"Sat, Nov 25, 1972",/boxscores/197211250PHI.html,Portland Trail Blazers,117,Philadelphia 76ers,106,Box Score,,,
"Sat, Nov 25, 1972",/boxscores/197211250PHO.html,Los Angeles Lakers,116,Phoenix Suns,109,Box Score,,,
"Sun, Nov 26, 1972",/boxscores/197211260CLE.html,Portland Trail Blazers,105,Cleveland Cavaliers,102,Box Score,,,
"Sun, Nov 26, 1972",/boxscores/197211260LAL.html,Phoenix Suns,107,Los Angeles Lakers,112,Box Score,,,
"Sun, Nov 26, 1972",/boxscores/197211260MIL.html,Atlanta Hawks,96,Milwaukee Bucks,108,Box Score,,,
"Sun, Nov 26, 1972",/boxscores/197211260SEA.html,Detroit Pistons,96,Seattle SuperSonics,103,Box Score,,,
"Tue, Nov 28, 1972",/boxscores/197211280BAL.html,Houston Rockets,90,Baltimore Bullets,108,Box Score,,,"at San Antonio, TX"
"Tue, Nov 28, 1972",/boxscores/197211280BUF.html,Philadelphia 76ers,101,Buffalo Braves,94,Box Score,,,
"Tue, Nov 28, 1972",/boxscores/197211280CHI.html,Kansas City-Omaha Kings,92,Chicago Bulls,91,Box Score,,,
"Tue, Nov 28, 1972",/boxscores/197211280DET.html,Portland Trail Blazers,116,Detroit Pistons,120,Box Score,,,
"Tue, Nov 28, 1972",/boxscores/197211280GSW.html,Phoenix Suns,102,Golden State Warriors,110,Box Score,,,
"Tue, Nov 28, 1972",/boxscores/197211280NYK.html,Cleveland Cavaliers,84,New York Knicks,107,Box Score,,,
"Wed, Nov 29, 1972",/boxscores/197211290BAL.html,Houston Rockets,102,Baltimore Bullets,94,Box Score,,,"at San Antonio, TX"
"Wed, Nov 29, 1972",/boxscores/197211290BOS.html,Seattle SuperSonics,98,Boston Celtics,120,Box Score,,,
"Wed, Nov 29, 1972",/boxscores/197211290KCO.html,Portland Trail Blazers,102,Kansas City-Omaha Kings,110,Box Score,,,
"Wed, Nov 29, 1972",/boxscores/197211290MIL.html,Chicago Bulls,97,Milwaukee Bucks,105,Box Score,,,
"Wed, Nov 29, 1972",/boxscores/197211290PHI.html,New York Knicks,139,Philadelphia 76ers,91,Box Score,,,
"Wed, Nov 29, 1972",/boxscores/197211290PHO.html,Atlanta Hawks,98,Phoenix Suns,109,Box Score,,,
"Thu, Nov 30, 1972",/boxscores/197211300DET.html,Buffalo Braves,116,Detroit Pistons,127,Box Score,,,
"Fri, Dec 1, 1972",/boxscores/197212010BAL.html,Houston Rockets,96,Baltimore Bullets,103,Box Score,,,
"Fri, Dec 1, 1972",/boxscores/197212010BUF.html,Seattle SuperSonics,90,Buffalo Braves,93,Box Score,,,
"Fri, Dec 1, 1972",/boxscores/197212010CLE.html,Detroit Pistons,114,Cleveland Cavaliers,113,Box Score,,,
"Fri, Dec 1, 1972",/boxscores/197212010KCO.html,Chicago Bulls,106,Kansas City-Omaha Kings,97,Box Score,OT,,
"Fri, Dec 1, 1972",/boxscores/197212010LAL.html,Atlanta Hawks,114,Los Angeles Lakers,109,Box Score,OT,,
"Fri, Dec 1, 1972",/boxscores/197212010MIL.html,New York Knicks,74,Milwaukee Bucks,100,Box Score,,,
"Fri, Dec 1, 1972",/boxscores/197212010PHI.html,Boston Celtics,105,Philadelphia 76ers,99,Box Score,,,
"Fri, Dec 1, 1972",/boxscores/197212010PHO.html,Golden State Warriors,106,Phoenix Suns,115,Box Score,,,
"Sat, Dec 2, 1972",/boxscores/197212020BOS.html,Philadelphia 76ers,120,Boston Celtics,131,Box Score,,,
"Sat, Dec 2, 1972",/boxscores/197212020CHI.html,Seattle SuperSonics,80,Chicago Bulls,89,Box Score,,,
"Sat, Dec 2, 1972",/boxscores/197212020GSW.html,Los Angeles Lakers,112,Golden State Warriors,103,Box Score,,,
"Sat, Dec 2, 1972",/boxscores/197212020HOU.html,Kansas City-Omaha Kings,114,Houston Rockets,109,Box Score,,,
"Sat, Dec 2, 1972",/boxscores/197212020NYK.html,Buffalo Braves,94,New York Knicks,119,Box Score,,,
"Sat, Dec 2, 1972",/boxscores/197212020POR.html,Atlanta Hawks,106,Portland Trail Blazers,103,Box Score,,,
"Sun, Dec 3, 1972",/boxscores/197212030CLE.html,Seattle SuperSonics,103,Cleveland Cavaliers,105,Box Score,OT,,
"Sun, Dec 3, 1972",/boxscores/197212030PHO.html,Milwaukee Bucks,119,Phoenix Suns,101,Box Score,,,
"Tue, Dec 5, 1972",/boxscores/197212050ATL.html,Portland Trail Blazers,121,Atlanta Hawks,122,Box Score,,,
"Tue, Dec 5, 1972",/boxscores/197212050BUF.html,Phoenix Suns,97,Buffalo Braves,108,Box Score,,,
"Tue, Dec 5, 1972",/boxscores/197212050CHI.html,Detroit Pistons,108,Chicago Bulls,130,Box Score,,,
"Tue, Dec 5, 1972",/boxscores/197212050CLE.html,Baltimore Bullets,103,Cleveland Cavaliers,100,Box Score,,,
"Tue, Dec 5, 1972",/boxscores/197212050GSW.html,Houston Rockets,101,Golden State Warriors,108,Box Score,,,
"Tue, Dec 5, 1972",/boxscores/197212050LAL.html,Milwaukee Bucks,94,Los Angeles Lakers,116,Box Score,,,
"Tue, Dec 5, 1972",/boxscores/197212050NYK.html,Kansas City-Omaha Kings,103,New York Knicks,125,Box Score,,,
"Wed, Dec 6, 1972",/boxscores/197212060BAL.html,Portland Trail Blazers,102,Baltimore Bullets,115,Box Score,,,
"Wed, Dec 6, 1972",/boxscores/197212060DET.html,Phoenix Suns,105,Detroit Pistons,114,Box Score,,,
"Wed, Dec 6, 1972",/boxscores/197212060PHI.html,Kansas City-Omaha Kings,117,Philadelphia 76ers,122,Box Score,,,
"Wed, Dec 6, 1972",/boxscores/197212060SEA.html,Milwaukee Bucks,91,Seattle SuperSonics,95,Box Score,,,
"Thu, Dec 7, 1972",/boxscores/197212070CHI.html,Atlanta Hawks,94,Chicago Bulls,89,Box Score,OT,,
"Thu, Dec 7, 1972",/boxscores/197212070PHI.html,Phoenix Suns,117,Philadelphia 76ers,102,Box Score,,,"at Pittsburgh, PA"
"Fri, Dec 8, 1972",/boxscores/197212080ATL.html,Baltimore Bullets,115,Atlanta Hawks,134,Box Score,,,
"Fri, Dec 8, 1972",/boxscores/197212080BUF.html,New York Knicks,89,Buffalo Braves,91,Box Score,,,
"Fri, Dec 8, 1972",/boxscores/197212080CLE.html,Boston Celtics,96,Cleveland Cavaliers,87,Box Score,,,
"Fri, Dec 8, 1972",/boxscores/197212080DET.html,Kansas City-Omaha Kings,100,Detroit Pistons,113,Box Score,,,
"Fri, Dec 8, 1972",/boxscores/197212080HOU.html,Portland Trail Blazers,108,Houston Rockets,114,Box Score,,,
"Fri, Dec 8, 1972",/boxscores/197212080LAL.html,Seattle SuperSonics,100,Los Angeles Lakers,119,Box Score,,,
"Fri, Dec 8, 1972",/boxscores/197212080MIL.html,Golden State Warriors,91,Milwaukee Bucks,124,Box Score,,,
"Fri, Dec 8, 1972",/boxscores/197212080PHI.html,Chicago Bulls,118,Philadelphia 76ers,102,Box Score,,,
"Sat, Dec 9, 1972",/boxscores/197212090BAL.html,Kansas City-Omaha Kings,112,Baltimore Bullets,120,Box Score,,,
"Sat, Dec 9, 1972",/boxscores/197212090BOS.html,Cleveland Cavaliers,88,Boston Celtics,123,Box Score,,,
"Sat, Dec 9, 1972",/boxscores/197212090CHI.html,Buffalo Braves,94,Chicago Bulls,105,Box Score,,,
"Sat, Dec 9, 1972",/boxscores/197212090MIL.html,Detroit Pistons,107,Milwaukee Bucks,103,Box Score,,,
"Sat, Dec 9, 1972",/boxscores/197212090NYK.html,Philadelphia 76ers,109,New York Knicks,120,Box Score,,,
"Sat, Dec 9, 1972",/boxscores/197212090PHO.html,Portland Trail Blazers,97,Phoenix Suns,116,Box Score,,,
"Sun, Dec 10, 1972",/boxscores/197212100CLE.html,Golden State Warriors,103,Cleveland Cavaliers,100,Box Score,,,
"Sun, Dec 10, 1972",/boxscores/197212100KCO.html,Atlanta Hawks,115,Kansas City-Omaha Kings,130,Box Score,,,
"Sun, Dec 10, 1972",/boxscores/197212100LAL.html,Portland Trail Blazers,101,Los Angeles Lakers,137,Box Score,,,
"Sun, Dec 10, 1972",/boxscores/197212100SEA.html,Phoenix Suns,102,Seattle SuperSonics,110,Box Score,,,
"Tue, Dec 12, 1972",/boxscores/197212120BAL.html,Philadelphia 76ers,102,Baltimore Bullets,123,Box Score,,,
"Tue, Dec 12, 1972",/boxscores/197212120BUF.html,Houston Rockets,94,Buffalo Braves,95,Box Score,,,
"Tue, Dec 12, 1972",/boxscores/197212120CHI.html,Los Angeles Lakers,106,Chicago Bulls,105,Box Score,OT,,
"Tue, Dec 12, 1972",/boxscores/197212120KCO.html,Cleveland Cavaliers,99,Kansas City-Omaha Kings,100,Box Score,,,"at Omaha, NE"
"Tue, Dec 12, 1972",/boxscores/197212120NYK.html,Atlanta Hawks,93,New York Knicks,114,Box Score,,,
"Tue, Dec 12, 1972",/boxscores/197212120POR.html,Milwaukee Bucks,115,Portland Trail Blazers,94,Box Score,,,
"Wed, Dec 13, 1972",/boxscores/197212130ATL.html,New York Knicks,120,Atlanta Hawks,121,Box Score,,,
"Wed, Dec 13, 1972",/boxscores/197212130DET.html,Golden State Warriors,110,Detroit Pistons,107,Box Score,,,
"Wed, Dec 13, 1972",/boxscores/197212130PHI.html,Los Angeles Lakers,128,Philadelphia 76ers,90,Box Score,,,
"Wed, Dec 13, 1972",/boxscores/197212130PHO.html,Boston Celtics,105,Phoenix Suns,100,Box Score,,,
"Wed, Dec 13, 1972",/boxscores/197212130SEA.html,Milwaukee Bucks,104,Seattle SuperSonics,103,Box Score,OT,,
"Fri, Dec 15, 1972",/boxscores/197212150BAL.html,Houston Rockets,91,Baltimore Bullets,94,Box Score,,,
"Fri, Dec 15, 1972",/boxscores/197212150BUF.html,Golden State Warriors,129,Buffalo Braves,95,Box Score,,,
"Fri, Dec 15, 1972",/boxscores/197212150CHI.html,New York Knicks,86,Chicago Bulls,90,Box Score,,,
"Fri, Dec 15, 1972",/boxscores/197212150KCO.html,Detroit Pistons,132,Kansas City-Omaha Kings,140,Box Score,OT,,"at Omaha, NE"
"Fri, Dec 15, 1972",/boxscores/197212150LAL.html,Boston Celtics,102,Los Angeles Lakers,98,Box Score,,,
"Fri, Dec 15, 1972",/boxscores/197212150MIL.html,Cleveland Cavaliers,82,Milwaukee Bucks,98,Box Score,,,
"Fri, Dec 15, 1972",/boxscores/197212150SEA.html,Portland Trail Blazers,96,Seattle SuperSonics,95,Box Score,,,
"Sat, Dec 16, 1972",/boxscores/197212160ATL.html,Cleveland Cavaliers,94,Atlanta Hawks,100,Box Score,,,
"Sat, Dec 16, 1972",/boxscores/197212160BAL.html,Golden State Warriors,99,Baltimore Bullets,105,Box Score,,,"at College Park, MD"
"Sat, Dec 16, 1972",/boxscores/197212160DET.html,Houston Rockets,123,Detroit Pistons,112,Box Score,,,
"Sat, Dec 16, 1972",/boxscores/197212160NYK.html,Chicago Bulls,83,New York Knicks,97,Box Score,,,
"Sat, Dec 16, 1972",/boxscores/197212160PHI.html,Buffalo Braves,126,Philadelphia 76ers,103,Box Score,,,
"Sat, Dec 16, 1972",/boxscores/197212160POR.html,Boston Celtics,123,Portland Trail Blazers,116,Box Score,,,
"Sun, Dec 17, 1972",/boxscores/197212170CLE.html,Houston Rockets,110,Cleveland Cavaliers,109,Box Score,,,
"Sun, Dec 17, 1972",/boxscores/197212170PHO.html,Kansas City-Omaha Kings,102,Phoenix Suns,112,Box Score,,,
"Sun, Dec 17, 1972",/boxscores/197212170SEA.html,Boston Celtics,123,Seattle SuperSonics,98,Box Score,,,
"Mon, Dec 18, 1972",/boxscores/197212180KCO.html,Portland Trail Blazers,95,Kansas City-Omaha Kings,113,Box Score,,,
"Tue, Dec 19, 1972",/boxscores/197212190ATL.html,Kansas City-Omaha Kings,102,Atlanta Hawks,119,Box Score,,,
"Tue, Dec 19, 1972",/boxscores/197212190BUF.html,Los Angeles Lakers,126,Buffalo Braves,100,Box Score,,,
"Tue, Dec 19, 1972",/boxscores/197212190CHI.html,Portland Trail Blazers,109,Chicago Bulls,100,Box Score,,,
"Tue, Dec 19, 1972",/boxscores/197212190GSW.html,Boston Celtics,112,Golden State Warriors,115,Box Score,,,
"Tue, Dec 19, 1972",/boxscores/197212190MIL.html,Seattle SuperSonics,77,Milwaukee Bucks,121,Box Score,,,
"Tue, Dec 19, 1972",/boxscores/197212190PHO.html,New York Knicks,84,Phoenix Suns,117,Box Score,,,
"Wed, Dec 20, 1972",/boxscores/197212200BAL.html,Los Angeles Lakers,96,Baltimore Bullets,90,Box Score,,,
"Wed, Dec 20, 1972",/boxscores/197212200DET.html,Philadelphia 76ers,113,Detroit Pistons,141,Box Score,,,
"Wed, Dec 20, 1972",/boxscores/197212200HOU.html,New York Knicks,124,Houston Rockets,102,Box Score,,,"at San Antonio, TX"
"Wed, Dec 20, 1972",/boxscores/197212200KCO.html,Seattle SuperSonics,110,Kansas City-Omaha Kings,121,Box Score,,,"at Omaha, NE"
"Wed, Dec 20, 1972",/boxscores/197212200MIL.html,Portland Trail Blazers,104,Milwaukee Bucks,123,Box Score,,,
"Fri, Dec 22, 1972",/boxscores/197212220BUF.html,Atlanta Hawks,110,Buffalo Braves,109,Box Score,,,
"Fri, Dec 22, 1972",/boxscores/197212220CLE.html,New York Knicks,98,Cleveland Cavaliers,87,Box Score,,,
"Fri, Dec 22, 1972",/boxscores/197212220DET.html,Seattle SuperSonics,97,Detroit Pistons,109,Box Score,,,
"Fri, Dec 22, 1972",/boxscores/197212220HOU.html,Philadelphia 76ers,103,Houston Rockets,116,Box Score,,,
"Fri, Dec 22, 1972",/boxscores/197212220KCO.html,Boston Celtics,118,Kansas City-Omaha Kings,90,Box Score,,,
"Fri, Dec 22, 1972",/boxscores/197212220LAL.html,Phoenix Suns,118,Los Angeles Lakers,110,Box Score,,,
"Fri, Dec 22, 1972",/boxscores/197212220POR.html,Chicago Bulls,127,Portland Trail Blazers,97,Box Score,,,
"Sat, Dec 23, 1972",/boxscores/197212230ATL.html,Philadelphia 76ers,112,Atlanta Hawks,124,Box Score,,,
"Sat, Dec 23, 1972",/boxscores/197212230BAL.html,Detroit Pistons,97,Baltimore Bullets,104,Box Score,,,
"Sat, Dec 23, 1972",/boxscores/197212230GSW.html,Chicago Bulls,109,Golden State Warriors,127,Box Score,,,
"Sat, Dec 23, 1972",/boxscores/197212230MIL.html,Boston Celtics,98,Milwaukee Bucks,104,Box Score,,,
"Mon, Dec 25, 1972",/boxscores/197212250KCO.html,Milwaukee Bucks,104,Kansas City-Omaha Kings,99,Box Score,,,
"Mon, Dec 25, 1972",/boxscores/197212250NYK.html,Detroit Pistons,110,New York Knicks,113,Box Score,,,
"Mon, Dec 25, 1972",/boxscores/197212250PHO.html,Chicago Bulls,108,Phoenix Suns,115,Box Score,,,
"Mon, Dec 25, 1972",/boxscores/197212250POR.html,Seattle SuperSonics,113,Portland Trail Blazers,116,Box Score,,,
"Tue, Dec 26, 1972",/boxscores/197212260BOS.html,New York Knicks,106,Boston Celtics,115,Box Score,,,
"Tue, Dec 26, 1972",/boxscores/197212260BUF.html,Baltimore Bullets,121,Buffalo Braves,104,Box Score,,,
"Tue, Dec 26, 1972",/boxscores/197212260CHI.html,Kansas City-Omaha Kings,103,Chicago Bulls,117,Box Score,,,
"Tue, Dec 26, 1972",/boxscores/197212260CLE.html,Atlanta Hawks,96,Cleveland Cavaliers,115,Box Score,,,
"Tue, Dec 26, 1972",/boxscores/197212260DET.html,Milwaukee Bucks,105,Detroit Pistons,112,Box Score,,,
"Tue, Dec 26, 1972",/boxscores/197212260GSW.html,Seattle SuperSonics,97,Golden State Warriors,95,Box Score,,,
"Tue, Dec 26, 1972",/boxscores/197212260HOU.html,Phoenix Suns,110,Houston Rockets,113,Box Score,,,
"Tue, Dec 26, 1972",/boxscores/197212260LAL.html,Portland Trail Blazers,92,Los Angeles Lakers,116,Box Score,,,
"Wed, Dec 27, 1972",/boxscores/197212270ATL.html,Philadelphia 76ers,120,Atlanta Hawks,121,Box Score,,,"at Pittsburgh, PA"
"Wed, Dec 27, 1972",/boxscores/197212270HOU.html,Los Angeles Lakers,104,Houston Rockets,136,Box Score,,,
"Thu, Dec 28, 1972",/boxscores/197212280ATL.html,Baltimore Bullets,112,Atlanta Hawks,111,Box Score,,,
"Thu, Dec 28, 1972",/boxscores/197212280GSW.html,Cleveland Cavaliers,105,Golden State Warriors,118,Box Score,,,
"Thu, Dec 28, 1972",/boxscores/197212280MIL.html,Detroit Pistons,91,Milwaukee Bucks,115,Box Score,,,
"Thu, Dec 28, 1972",/boxscores/197212280NYK.html,Buffalo Braves,86,New York Knicks,107,Box Score,,,
"Fri, Dec 29, 1972",/boxscores/197212290BAL.html,Buffalo Braves,118,Baltimore Bullets,109,Box Score,,,
"Fri, Dec 29, 1972",/boxscores/197212290BOS.html,Chicago Bulls,106,Boston Celtics,99,Box Score,,,
"Fri, Dec 29, 1972",/boxscores/197212290DET.html,New York Knicks,99,Detroit Pistons,94,Box Score,,,
"Fri, Dec 29, 1972",/boxscores/197212290HOU.html,Milwaukee Bucks,114,Houston Rockets,101,Box Score,,,
"Fri, Dec 29, 1972",/boxscores/197212290LAL.html,Kansas City-Omaha Kings,92,Los Angeles Lakers,121,Box Score,,,
"Fri, Dec 29, 1972",/boxscores/197212290PHO.html,Portland Trail Blazers,99,Phoenix Suns,106,Box Score,,,
"Fri, Dec 29, 1972",/boxscores/197212290SEA.html,Cleveland Cavaliers,91,Seattle SuperSonics,99,Box Score,,,
"Sat, Dec 30, 1972",/boxscores/197212300ATL.html,Buffalo Braves,110,Atlanta Hawks,120,Box Score,,,
"Sat, Dec 30, 1972",/boxscores/197212300BOS.html,Philadelphia 76ers,107,Boston Celtics,117,Box Score,,,"at Providence, RI"
"Sat, Dec 30, 1972",/boxscores/197212300CHI.html,Milwaukee Bucks,92,Chicago Bulls,99,Box Score,,,
"Sat, Dec 30, 1972",/boxscores/197212300GSW.html,Kansas City-Omaha Kings,107,Golden State Warriors,113,Box Score,,,
"Sat, Dec 30, 1972",/boxscores/197212300NYK.html,Baltimore Bullets,98,New York Knicks,100,Box Score,,,
"Sat, Dec 30, 1972",/boxscores/197212300POR.html,Phoenix Suns,107,Portland Trail Blazers,104,Box Score,,,
"Mon, Jan 1, 1973",/boxscores/197301010MIL.html,Baltimore Bullets,88,Milwaukee Bucks,87,Box Score,,,
"Mon, Jan 1, 1973",/boxscores/197301010SEA.html,Los Angeles Lakers,108,Seattle SuperSonics,103,Box Score,,,
"Tue, Jan 2, 1973",/boxscores/197301020BUF.html,Philadelphia 76ers,110,Buffalo Braves,114,Box Score,,,
"Tue, Jan 2, 1973",/boxscores/197301020CHI.html,Atlanta Hawks,90,Chicago Bulls,100,Box Score,,,
"Tue, Jan 2, 1973",/boxscores/197301020CLE.html,Phoenix Suns,88,Cleveland Cavaliers,111,Box Score,,,
"Tue, Jan 2, 1973",/boxscores/197301020GSW.html,Los Angeles Lakers,106,Golden State Warriors,112,Box Score,,,
"Tue, Jan 2, 1973",/boxscores/197301020HOU.html,Boston Celtics,130,Houston Rockets,110,Box Score,,,
"Tue, Jan 2, 1973",/boxscores/197301020NYK.html,Milwaukee Bucks,92,New York Knicks,102,Box Score,,,
"Tue, Jan 2, 1973",/boxscores/197301020POR.html,Kansas City-Omaha Kings,87,Portland Trail Blazers,104,Box Score,,,
"Wed, Jan 3, 1973",/boxscores/197301030BAL.html,Cleveland Cavaliers,80,Baltimore Bullets,89,Box Score,,,
"Wed, Jan 3, 1973",/boxscores/197301030DET.html,Phoenix Suns,105,Detroit Pistons,119,Box Score,,,
"Wed, Jan 3, 1973",/boxscores/197301030HOU.html,Boston Celtics,112,Houston Rockets,123,Box Score,,,
"Wed, Jan 3, 1973",/boxscores/197301030MIL.html,Atlanta Hawks,97,Milwaukee Bucks,105,Box Score,,,
"Wed, Jan 3, 1973",/boxscores/197301030SEA.html,Kansas City-Omaha Kings,100,Seattle SuperSonics,107,Box Score,,,
"Thu, Jan 4, 1973",/boxscores/197301040CHI.html,Houston Rockets,97,Chicago Bulls,111,Box Score,,,
"Thu, Jan 4, 1973",/boxscores/197301040GSW.html,Portland Trail Blazers,83,Golden State Warriors,108,Box Score,,,
"Fri, Jan 5, 1973",/boxscores/197301050ATL.html,Boston Celtics,126,Atlanta Hawks,108,Box Score,,,
"Fri, Jan 5, 1973",/boxscores/197301050BUF.html,New York Knicks,129,Buffalo Braves,106,Box Score,,,
"Fri, Jan 5, 1973",/boxscores/197301050CHI.html,Phoenix Suns,126,Chicago Bulls,115,Box Score,,,
"Fri, Jan 5, 1973",/boxscores/197301050KCO.html,Detroit Pistons,100,Kansas City-Omaha Kings,103,Box Score,,,
"Fri, Jan 5, 1973",/boxscores/197301050POR.html,Philadelphia 76ers,102,Portland Trail Blazers,135,Box Score,,,
"Fri, Jan 5, 1973",/boxscores/197301050SEA.html,Golden State Warriors,128,Seattle SuperSonics,96,Box Score,,,
"Sat, Jan 6, 1973",/boxscores/197301060CLE.html,Los Angeles Lakers,93,Cleveland Cavaliers,108,Box Score,,,
"Sat, Jan 6, 1973",/boxscores/197301060DET.html,Atlanta Hawks,116,Detroit Pistons,111,Box Score,,,
"Sat, Jan 6, 1973",/boxscores/197301060GSW.html,Philadelphia 76ers,79,Golden State Warriors,111,Box Score,,,
"Sat, Jan 6, 1973",/boxscores/197301060KCO.html,Phoenix Suns,118,Kansas City-Omaha Kings,112,Box Score,,,"at Omaha, NE"
"Sat, Jan 6, 1973",/boxscores/197301060MIL.html,Buffalo Braves,96,Milwaukee Bucks,110,Box Score,,,
"Sat, Jan 6, 1973",/boxscores/197301060NYK.html,Houston Rockets,106,New York Knicks,116,Box Score,,,
"Sun, Jan 7, 1973",/boxscores/197301070BAL.html,Boston Celtics,116,Baltimore Bullets,98,Box Score,,,"at College Park, MD"
"Sun, Jan 7, 1973",/boxscores/197301070CHI.html,Buffalo Braves,96,Chicago Bulls,119,Box Score,,,
"Sun, Jan 7, 1973",/boxscores/197301070CLE.html,Houston Rockets,97,Cleveland Cavaliers,102,Box Score,,,
"Sun, Jan 7, 1973",/boxscores/197301070MIL.html,Los Angeles Lakers,92,Milwaukee Bucks,99,Box Score,,,
"Sun, Jan 7, 1973",/boxscores/197301070POR.html,Detroit Pistons,101,Portland Trail Blazers,96,Box Score,,,
"Sun, Jan 7, 1973",/boxscores/197301070SEA.html,Philadelphia 76ers,85,Seattle SuperSonics,82,Box Score,,,
"Tue, Jan 9, 1973",/boxscores/197301090ATL.html,Houston Rockets,114,Atlanta Hawks,120,Box Score,,,
"Tue, Jan 9, 1973",/boxscores/197301090BUF.html,Cleveland Cavaliers,102,Buffalo Braves,106,Box Score,,,
"Tue, Jan 9, 1973",/boxscores/197301090CHI.html,Philadelphia 76ers,110,Chicago Bulls,126,Box Score,,,
"Tue, Jan 9, 1973",/boxscores/197301090GSW.html,Detroit Pistons,98,Golden State Warriors,105,Box Score,,,
"Tue, Jan 9, 1973",/boxscores/197301090KCO.html,New York Knicks,116,Kansas City-Omaha Kings,115,Box Score,OT,,
"Tue, Jan 9, 1973",/boxscores/197301090POR.html,Baltimore Bullets,105,Portland Trail Blazers,93,Box Score,,,
"Wed, Jan 10, 1973",/boxscores/197301100BOS.html,Houston Rockets,107,Boston Celtics,128,Box Score,,,
"Wed, Jan 10, 1973",/boxscores/197301100KCO.html,Chicago Bulls,100,Kansas City-Omaha Kings,102,Box Score,,,"at Omaha, NE"
"Wed, Jan 10, 1973",/boxscores/197301100PHI.html,Los Angeles Lakers,120,Philadelphia 76ers,96,Box Score,,,
"Wed, Jan 10, 1973",/boxscores/197301100PHO.html,Detroit Pistons,121,Phoenix Suns,123,Box Score,,,
"Wed, Jan 10, 1973",/boxscores/197301100SEA.html,Baltimore Bullets,98,Seattle SuperSonics,86,Box Score,,,
"Thu, Jan 11, 1973",/boxscores/197301110ATL.html,New York Knicks,122,Atlanta Hawks,107,Box Score,,,
"Thu, Jan 11, 1973",/boxscores/197301110KCO.html,Golden State Warriors,108,Kansas City-Omaha Kings,109,Box Score,,,
"Fri, Jan 12, 1973",/boxscores/197301120BOS.html,Atlanta Hawks,109,Boston Celtics,133,Box Score,,,
"Fri, Jan 12, 1973",/boxscores/197301120BUF.html,Portland Trail Blazers,100,Buffalo Braves,120,Box Score,,,
"Fri, Jan 12, 1973",/boxscores/197301120CHI.html,Los Angeles Lakers,109,Chicago Bulls,97,Box Score,,,
"Fri, Jan 12, 1973",/boxscores/197301120CLE.html,Philadelphia 76ers,109,Cleveland Cavaliers,113,Box Score,2OT,,"at Pittsburgh, PA"
"Fri, Jan 12, 1973",/boxscores/197301120HOU.html,New York Knicks,104,Houston Rockets,103,Box Score,,,
"Fri, Jan 12, 1973",/boxscores/197301120MIL.html,Kansas City-Omaha Kings,98,Milwaukee Bucks,117,Box Score,,,
"Fri, Jan 12, 1973",/boxscores/197301120PHO.html,Golden State Warriors,108,Phoenix Suns,107,Box Score,,,
"Fri, Jan 12, 1973",/boxscores/197301120SEA.html,Detroit Pistons,104,Seattle SuperSonics,113,Box Score,,,
"Sat, Jan 13, 1973",/boxscores/197301130GSW.html,Phoenix Suns,116,Golden State Warriors,110,Box Score,,,
"Sat, Jan 13, 1973",/boxscores/197301130HOU.html,Cleveland Cavaliers,123,Houston Rockets,115,Box Score,,,
"Sat, Jan 13, 1973",/boxscores/197301130PHI.html,Boston Celtics,111,Philadelphia 76ers,95,Box Score,,,
"Sun, Jan 14, 1973",/boxscores/197301140ATL.html,Los Angeles Lakers,102,Atlanta Hawks,100,Box Score,,,
"Sun, Jan 14, 1973",/boxscores/197301140MIL.html,Chicago Bulls,95,Milwaukee Bucks,100,Box Score,,,
"Sun, Jan 14, 1973",/boxscores/197301140PHO.html,Baltimore Bullets,95,Phoenix Suns,94,Box Score,,,
"Sun, Jan 14, 1973",/boxscores/197301140SEA.html,New York Knicks,86,Seattle SuperSonics,84,Box Score,,,
"Mon, Jan 15, 1973",/boxscores/197301150DET.html,Portland Trail Blazers,101,Detroit Pistons,112,Box Score,,,
"Mon, Jan 15, 1973",/boxscores/197301150KCO.html,Philadelphia 76ers,108,Kansas City-Omaha Kings,135,Box Score,,,
"Tue, Jan 16, 1973",/boxscores/197301160ATL.html,Detroit Pistons,129,Atlanta Hawks,130,Box Score,OT,,
"Tue, Jan 16, 1973",/boxscores/197301160BUF.html,Boston Celtics,106,Buffalo Braves,102,Box Score,,,
"Tue, Jan 16, 1973",/boxscores/197301160CHI.html,Portland Trail Blazers,89,Chicago Bulls,100,Box Score,,,
"Tue, Jan 16, 1973",/boxscores/197301160GSW.html,Cleveland Cavaliers,100,Golden State Warriors,98,Box Score,,,
"Tue, Jan 16, 1973",/boxscores/197301160KCO.html,Seattle SuperSonics,125,Kansas City-Omaha Kings,122,Box Score,,,
"Tue, Jan 16, 1973",/boxscores/197301160LAL.html,Baltimore Bullets,112,Los Angeles Lakers,104,Box Score,,,
"Tue, Jan 16, 1973",/boxscores/197301160MIL.html,Philadelphia 76ers,92,Milwaukee Bucks,108,Box Score,,,
"Tue, Jan 16, 1973",/boxscores/197301160PHO.html,New York Knicks,102,Phoenix Suns,101,Box Score,,,
"Wed, Jan 17, 1973",/boxscores/197301170BOS.html,Portland Trail Blazers,99,Boston Celtics,117,Box Score,,,
"Wed, Jan 17, 1973",/boxscores/197301170DET.html,Seattle SuperSonics,106,Detroit Pistons,104,Box Score,,,
"Wed, Jan 17, 1973",/boxscores/197301170GSW.html,Houston Rockets,117,Golden State Warriors,123,Box Score,,,"at San Antonio, TX"
"Wed, Jan 17, 1973",/boxscores/197301170PHI.html,Atlanta Hawks,122,Philadelphia 76ers,105,Box Score,,,
"Thu, Jan 18, 1973",/boxscores/197301180ATL.html,Buffalo Braves,127,Atlanta Hawks,125,Box Score,,,
"Thu, Jan 18, 1973",/boxscores/197301180PHO.html,Kansas City-Omaha Kings,119,Phoenix Suns,96,Box Score,,,
"Fri, Jan 19, 1973",/boxscores/197301190BAL.html,Philadelphia 76ers,94,Baltimore Bullets,110,Box Score,,,"at Hershey, PA"
"Fri, Jan 19, 1973",/boxscores/197301190BOS.html,Seattle SuperSonics,104,Boston Celtics,124,Box Score,,,
"Fri, Jan 19, 1973",/boxscores/197301190BUF.html,Detroit Pistons,98,Buffalo Braves,108,Box Score,,,
"Fri, Jan 19, 1973",/boxscores/197301190CHI.html,Golden State Warriors,115,Chicago Bulls,80,Box Score,,,
"Fri, Jan 19, 1973",/boxscores/197301190HOU.html,Cleveland Cavaliers,108,Houston Rockets,104,Box Score,,,
"Fri, Jan 19, 1973",/boxscores/197301190LAL.html,New York Knicks,88,Los Angeles Lakers,95,Box Score,,,
"Fri, Jan 19, 1973",/boxscores/197301190MIL.html,Portland Trail Blazers,105,Milwaukee Bucks,108,Box Score,,,
"Sat, Jan 20, 1973",/boxscores/197301200ATL.html,Cleveland Cavaliers,84,Atlanta Hawks,96,Box Score,,,
"Sat, Jan 20, 1973",/boxscores/197301200BAL.html,Seattle SuperSonics,106,Baltimore Bullets,126,Box Score,,,"at College Park, MD"
"Sat, Jan 20, 1973",/boxscores/197301200DET.html,Chicago Bulls,92,Detroit Pistons,112,Box Score,,,
"Sat, Jan 20, 1973",/boxscores/197301200HOU.html,Portland Trail Blazers,130,Houston Rockets,115,Box Score,,,
"Sat, Jan 20, 1973",/boxscores/197301200PHO.html,Los Angeles Lakers,124,Phoenix Suns,104,Box Score,,,
"Sun, Jan 21, 1973",/boxscores/197301210BAL.html,Philadelphia 76ers,97,Baltimore Bullets,108,Box Score,,,
"Sun, Jan 21, 1973",/boxscores/197301210BOS.html,Buffalo Braves,97,Boston Celtics,104,Box Score,,,
"Sun, Jan 21, 1973",/boxscores/197301210HOU.html,New York Knicks,103,Houston Rockets,107,Box Score,,,
"Sun, Jan 21, 1973",/boxscores/197301210LAL.html,Kansas City-Omaha Kings,102,Los Angeles Lakers,123,Box Score,,,
"Sun, Jan 21, 1973",/boxscores/197301210MIL.html,Golden State Warriors,108,Milwaukee Bucks,124,Box Score,,,
"Thu, Jan 25, 1973",/boxscores/197301250GSW.html,Kansas City-Omaha Kings,115,Golden State Warriors,129,Box Score,,,
"Thu, Jan 25, 1973",/boxscores/197301250HOU.html,Milwaukee Bucks,125,Houston Rockets,129,Box Score,,,"at Madison, WI"
"Thu, Jan 25, 1973",/boxscores/197301250NYK.html,Buffalo Braves,92,New York Knicks,99,Box Score,,,
"Thu, Jan 25, 1973",/boxscores/197301250PHO.html,Seattle SuperSonics,109,Phoenix Suns,112,Box Score,,,
"Fri, Jan 26, 1973",/boxscores/197301260BOS.html,Houston Rockets,126,Boston Celtics,139,Box Score,,,
"Fri, Jan 26, 1973",/boxscores/197301260BUF.html,Atlanta Hawks,118,Buffalo Braves,82,Box Score,,,
"Fri, Jan 26, 1973",/boxscores/197301260CHI.html,Baltimore Bullets,100,Chicago Bulls,110,Box Score,,,
"Fri, Jan 26, 1973",/boxscores/197301260CLE.html,Philadelphia 76ers,100,Cleveland Cavaliers,105,Box Score,,,
"Fri, Jan 26, 1973",/boxscores/197301260DET.html,Milwaukee Bucks,117,Detroit Pistons,105,Box Score,,,
"Fri, Jan 26, 1973",/boxscores/197301260LAL.html,Golden State Warriors,84,Los Angeles Lakers,100,Box Score,,,
"Fri, Jan 26, 1973",/boxscores/197301260POR.html,Phoenix Suns,120,Portland Trail Blazers,116,Box Score,,,
"Sat, Jan 27, 1973",/boxscores/197301270ATL.html,Kansas City-Omaha Kings,126,Atlanta Hawks,129,Box Score,,,
"Sat, Jan 27, 1973",/boxscores/197301270BAL.html,Buffalo Braves,87,Baltimore Bullets,115,Box Score,,,
"Sat, Jan 27, 1973",/boxscores/197301270GSW.html,Los Angeles Lakers,122,Golden State Warriors,107,Box Score,,,
"Sat, Jan 27, 1973",/boxscores/197301270NYK.html,Boston Celtics,108,New York Knicks,111,Box Score,,,
"Sat, Jan 27, 1973",/boxscores/197301270PHO.html,Portland Trail Blazers,117,Phoenix Suns,109,Box Score,,,
"Sun, Jan 28, 1973",/boxscores/197301280BOS.html,New York Knicks,96,Boston Celtics,93,Box Score,,,
"Sun, Jan 28, 1973",/boxscores/197301280CHI.html,Detroit Pistons,105,Chicago Bulls,110,Box Score,,,
"Sun, Jan 28, 1973",/boxscores/197301280CLE.html,Baltimore Bullets,102,Cleveland Cavaliers,93,Box Score,,,
"Sun, Jan 28, 1973",/boxscores/197301280HOU.html,Atlanta Hawks,108,Houston Rockets,116,Box Score,,,
"Sun, Jan 28, 1973",/boxscores/197301280LAL.html,Seattle SuperSonics,94,Los Angeles Lakers,130,Box Score,,,
"Sun, Jan 28, 1973",/boxscores/197301280PHI.html,Buffalo Braves,101,Philadelphia 76ers,96,Box Score,,,
"Mon, Jan 29, 1973",/boxscores/197301290NYK.html,Golden State Warriors,84,New York Knicks,97,Box Score,,,
"Tue, Jan 30, 1973",/boxscores/197301300ATL.html,Detroit Pistons,126,Atlanta Hawks,123,Box Score,,,
"Tue, Jan 30, 1973",/boxscores/197301300BAL.html,Golden State Warriors,86,Baltimore Bullets,104,Box Score,,,
"Tue, Jan 30, 1973",/boxscores/197301300BUF.html,Philadelphia 76ers,104,Buffalo Braves,105,Box Score,,,
"Tue, Jan 30, 1973",/boxscores/197301300CLE.html,Milwaukee Bucks,98,Cleveland Cavaliers,112,Box Score,,,
"Tue, Jan 30, 1973",/boxscores/197301300LAL.html,Chicago Bulls,92,Los Angeles Lakers,95,Box Score,,,
"Tue, Jan 30, 1973",/boxscores/197301300POR.html,Houston Rockets,123,Portland Trail Blazers,120,Box Score,,,
"Wed, Jan 31, 1973",/boxscores/197301310BOS.html,Cleveland Cavaliers,89,Boston Celtics,94,Box Score,,,
"Wed, Jan 31, 1973",/boxscores/197301310DET.html,New York Knicks,91,Detroit Pistons,94,Box Score,,,
"Wed, Jan 31, 1973",/boxscores/197301310PHI.html,Golden State Warriors,131,Philadelphia 76ers,115,Box Score,,,
"Wed, Jan 31, 1973",/boxscores/197301310SEA.html,Houston Rockets,109,Seattle SuperSonics,118,Box Score,,,
"Thu, Feb 1, 1973",/boxscores/197302010KCO.html,Golden State Warriors,96,Kansas City-Omaha Kings,98,Box Score,,,"at Omaha, NE"
"Thu, Feb 1, 1973",/boxscores/197302010PHO.html,Los Angeles Lakers,120,Phoenix Suns,106,Box Score,,,
"Fri, Feb 2, 1973",/boxscores/197302020BAL.html,New York Knicks,77,Baltimore Bullets,89,Box Score,,,
"Fri, Feb 2, 1973",/boxscores/197302020BOS.html,Atlanta Hawks,100,Boston Celtics,99,Box Score,,,
"Fri, Feb 2, 1973",/boxscores/197302020BUF.html,Milwaukee Bucks,114,Buffalo Braves,108,Box Score,,,
"Fri, Feb 2, 1973",/boxscores/197302020DET.html,Philadelphia 76ers,104,Detroit Pistons,114,Box Score,,,
"Fri, Feb 2, 1973",/boxscores/197302020LAL.html,Houston Rockets,109,Los Angeles Lakers,126,Box Score,,,
"Fri, Feb 2, 1973",/boxscores/197302020SEA.html,Chicago Bulls,104,Seattle SuperSonics,118,Box Score,,,
"Sat, Feb 3, 1973",/boxscores/197302030ATL.html,Buffalo Braves,101,Atlanta Hawks,105,Box Score,,,
"Sat, Feb 3, 1973",/boxscores/197302030GSW.html,Seattle SuperSonics,101,Golden State Warriors,123,Box Score,,,
"Sat, Feb 3, 1973",/boxscores/197302030NYK.html,Cleveland Cavaliers,90,New York Knicks,95,Box Score,,,
"Sat, Feb 3, 1973",/boxscores/197302030PHI.html,Boston Celtics,104,Philadelphia 76ers,100,Box Score,,,
"Sat, Feb 3, 1973",/boxscores/197302030PHO.html,Houston Rockets,123,Phoenix Suns,132,Box Score,,,
"Sat, Feb 3, 1973",/boxscores/197302030POR.html,Kansas City-Omaha Kings,105,Portland Trail Blazers,97,Box Score,,,
"Sun, Feb 4, 1973",/boxscores/197302040BAL.html,Los Angeles Lakers,125,Baltimore Bullets,115,Box Score,,,"at College Park, MD"
"Sun, Feb 4, 1973",/boxscores/197302040BOS.html,Philadelphia 76ers,115,Boston Celtics,123,Box Score,,,
"Sun, Feb 4, 1973",/boxscores/197302040BUF.html,Houston Rockets,130,Buffalo Braves,118,Box Score,,,"at San Antonio, TX"
"Sun, Feb 4, 1973",/boxscores/197302040CHI.html,Milwaukee Bucks,99,Chicago Bulls,121,Box Score,,,
"Sun, Feb 4, 1973",/boxscores/197302040CLE.html,New York Knicks,114,Cleveland Cavaliers,97,Box Score,,,
"Sun, Feb 4, 1973",/boxscores/197302040SEA.html,Kansas City-Omaha Kings,120,Seattle SuperSonics,98,Box Score,,,
"Tue, Feb 6, 1973",/boxscores/197302060ATL.html,Baltimore Bullets,106,Atlanta Hawks,112,Box Score,,,
"Tue, Feb 6, 1973",/boxscores/197302060BUF.html,Detroit Pistons,107,Buffalo Braves,105,Box Score,,,
"Tue, Feb 6, 1973",/boxscores/197302060CHI.html,Kansas City-Omaha Kings,107,Chicago Bulls,114,Box Score,,,
"Tue, Feb 6, 1973",/boxscores/197302060CLE.html,Boston Celtics,105,Cleveland Cavaliers,110,Box Score,,,
"Tue, Feb 6, 1973",/boxscores/197302060HOU.html,Philadelphia 76ers,117,Houston Rockets,123,Box Score,,,"at San Antonio, TX"
"Tue, Feb 6, 1973",/boxscores/197302060MIL.html,Phoenix Suns,111,Milwaukee Bucks,126,Box Score,,,
"Tue, Feb 6, 1973",/boxscores/197302060NYK.html,Los Angeles Lakers,95,New York Knicks,90,Box Score,,,
"Tue, Feb 6, 1973",/boxscores/197302060POR.html,Seattle SuperSonics,118,Portland Trail Blazers,117,Box Score,,,
"Wed, Feb 7, 1973",/boxscores/197302070BAL.html,Atlanta Hawks,108,Baltimore Bullets,137,Box Score,,,
"Wed, Feb 7, 1973",/boxscores/197302070BOS.html,Los Angeles Lakers,112,Boston Celtics,113,Box Score,OT,,
"Wed, Feb 7, 1973",/boxscores/197302070DET.html,Phoenix Suns,107,Detroit Pistons,113,Box Score,,,
"Wed, Feb 7, 1973",/boxscores/197302070KCO.html,Milwaukee Bucks,98,Kansas City-Omaha Kings,105,Box Score,,,
"Thu, Feb 8, 1973",/boxscores/197302080ATL.html,Cleveland Cavaliers,136,Atlanta Hawks,132,Box Score,OT,,
"Thu, Feb 8, 1973",/boxscores/197302080GSW.html,Portland Trail Blazers,111,Golden State Warriors,123,Box Score,,,
"Thu, Feb 8, 1973",/boxscores/197302080PHO.html,Seattle SuperSonics,112,Phoenix Suns,125,Box Score,,,
"Fri, Feb 9, 1973",/boxscores/197302090BOS.html,Detroit Pistons,104,Boston Celtics,95,Box Score,,,
"Fri, Feb 9, 1973",/boxscores/197302090BUF.html,Baltimore Bullets,101,Buffalo Braves,95,Box Score,,,
"Fri, Feb 9, 1973",/boxscores/197302090CLE.html,Chicago Bulls,103,Cleveland Cavaliers,97,Box Score,,,
"Fri, Feb 9, 1973",/boxscores/197302090HOU.html,Kansas City-Omaha Kings,121,Houston Rockets,116,Box Score,,,
"Fri, Feb 9, 1973",/boxscores/197302090MIL.html,Los Angeles Lakers,88,Milwaukee Bucks,109,Box Score,,,
"Fri, Feb 9, 1973",/boxscores/197302090POR.html,Philadelphia 76ers,105,Portland Trail Blazers,116,Box Score,,,
"Sat, Feb 10, 1973",/boxscores/197302100ATL.html,Houston Rockets,91,Atlanta Hawks,103,Box Score,,,
"Sat, Feb 10, 1973",/boxscores/197302100KCO.html,Chicago Bulls,102,Kansas City-Omaha Kings,101,Box Score,,,
"Sat, Feb 10, 1973",/boxscores/197302100MIL.html,Golden State Warriors,108,Milwaukee Bucks,135,Box Score,,,
"Sat, Feb 10, 1973",/boxscores/197302100NYK.html,Detroit Pistons,93,New York Knicks,107,Box Score,,,
"Sat, Feb 10, 1973",/boxscores/197302100PHO.html,Philadelphia 76ers,121,Phoenix Suns,126,Box Score,,,
"Sun, Feb 11, 1973",/boxscores/197302110BOS.html,Milwaukee Bucks,96,Boston Celtics,120,Box Score,,,
"Sun, Feb 11, 1973",/boxscores/197302110CHI.html,Golden State Warriors,101,Chicago Bulls,96,Box Score,,,
"Sun, Feb 11, 1973",/boxscores/197302110CLE.html,Atlanta Hawks,115,Cleveland Cavaliers,107,Box Score,,,
"Sun, Feb 11, 1973",/boxscores/197302110LAL.html,Philadelphia 76ers,90,Los Angeles Lakers,108,Box Score,,,
"Sun, Feb 11, 1973",/boxscores/197302110POR.html,Baltimore Bullets,102,Portland Trail Blazers,97,Box Score,,,
"Sun, Feb 11, 1973",/boxscores/197302110SEA.html,Buffalo Braves,128,Seattle SuperSonics,125,Box Score,,,
"Tue, Feb 13, 1973",/boxscores/197302130CHI.html,Boston Celtics,105,Chicago Bulls,101,Box Score,,,
"Tue, Feb 13, 1973",/boxscores/197302130CLE.html,Golden State Warriors,103,Cleveland Cavaliers,90,Box Score,,,
"Tue, Feb 13, 1973",/boxscores/197302130DET.html,Milwaukee Bucks,110,Detroit Pistons,96,Box Score,,,
"Tue, Feb 13, 1973",/boxscores/197302130KCO.html,Houston Rockets,118,Kansas City-Omaha Kings,132,Box Score,,,
"Tue, Feb 13, 1973",/boxscores/197302130LAL.html,Seattle SuperSonics,98,Los Angeles Lakers,101,Box Score,,,
"Tue, Feb 13, 1973",/boxscores/197302130POR.html,Buffalo Braves,100,Portland Trail Blazers,120,Box Score,,,
"Wed, Feb 14, 1973",/boxscores/197302140KCO.html,Boston Celtics,104,Kansas City-Omaha Kings,101,Box Score,,,"at Omaha, NE"
"Wed, Feb 14, 1973",/boxscores/197302140NYK.html,Chicago Bulls,100,New York Knicks,98,Box Score,,,
"Wed, Feb 14, 1973",/boxscores/197302140PHI.html,Milwaukee Bucks,104,Philadelphia 76ers,106,Box Score,,,
"Wed, Feb 14, 1973",/boxscores/197302140PHO.html,Buffalo Braves,107,Phoenix Suns,124,Box Score,,,
"Wed, Feb 14, 1973",/boxscores/197302140SEA.html,Baltimore Bullets,107,Seattle SuperSonics,106,Box Score,,,
"Thu, Feb 15, 1973",/boxscores/197302150GSW.html,Baltimore Bullets,96,Golden State Warriors,94,Box Score,,,
"Fri, Feb 16, 1973",/boxscores/197302160BUF.html,New York Knicks,102,Buffalo Braves,98,Box Score,,,
"Fri, Feb 16, 1973",/boxscores/197302160CHI.html,Cleveland Cavaliers,92,Chicago Bulls,100,Box Score,,,
"Fri, Feb 16, 1973",/boxscores/197302160LAL.html,Baltimore Bullets,103,Los Angeles Lakers,121,Box Score,,,
"Fri, Feb 16, 1973",/boxscores/197302160MIL.html,Houston Rockets,103,Milwaukee Bucks,105,Box Score,,,
"Fri, Feb 16, 1973",/boxscores/197302160PHI.html,Detroit Pistons,106,Philadelphia 76ers,119,Box Score,,,
"Fri, Feb 16, 1973",/boxscores/197302160PHO.html,Atlanta Hawks,111,Phoenix Suns,104,Box Score,,,
"Fri, Feb 16, 1973",/boxscores/197302160POR.html,Boston Celtics,112,Portland Trail Blazers,105,Box Score,,,
"Fri, Feb 16, 1973",/boxscores/197302160SEA.html,Golden State Warriors,108,Seattle SuperSonics,114,Box Score,OT,,
"Sat, Feb 17, 1973",/boxscores/197302170DET.html,Cleveland Cavaliers,106,Detroit Pistons,104,Box Score,,,
"Sat, Feb 17, 1973",/boxscores/197302170GSW.html,Boston Celtics,110,Golden State Warriors,106,Box Score,,,
"Sat, Feb 17, 1973",/boxscores/197302170HOU.html,Phoenix Suns,111,Houston Rockets,127,Box Score,,,
"Sat, Feb 17, 1973",/boxscores/197302170MIL.html,Kansas City-Omaha Kings,104,Milwaukee Bucks,111,Box Score,,,
"Sat, Feb 17, 1973",/boxscores/197302170NYK.html,Philadelphia 76ers,89,New York Knicks,107,Box Score,,,
"Sat, Feb 17, 1973",/boxscores/197302170POR.html,Los Angeles Lakers,110,Portland Trail Blazers,103,Box Score,,,
"Sun, Feb 18, 1973",/boxscores/197302180BAL.html,Milwaukee Bucks,93,Baltimore Bullets,96,Box Score,,,"at College Park, MD"
"Sun, Feb 18, 1973",/boxscores/197302180CLE.html,Buffalo Braves,98,Cleveland Cavaliers,122,Box Score,,,
"Sun, Feb 18, 1973",/boxscores/197302180DET.html,Kansas City-Omaha Kings,100,Detroit Pistons,144,Box Score,,,
"Sun, Feb 18, 1973",/boxscores/197302180HOU.html,Chicago Bulls,110,Houston Rockets,99,Box Score,,,
"Sun, Feb 18, 1973",/boxscores/197302180LAL.html,Atlanta Hawks,99,Los Angeles Lakers,92,Box Score,,,
"Sun, Feb 18, 1973",/boxscores/197302180PHI.html,New York Knicks,98,Philadelphia 76ers,114,Box Score,,,
"Sun, Feb 18, 1973",/boxscores/197302180PHO.html,Portland Trail Blazers,119,Phoenix Suns,118,Box Score,,,
"Sun, Feb 18, 1973",/boxscores/197302180SEA.html,Boston Celtics,106,Seattle SuperSonics,105,Box Score,,,
"Tue, Feb 20, 1973",/boxscores/197302200BOS.html,Phoenix Suns,97,Boston Celtics,107,Box Score,,,
"Tue, Feb 20, 1973",/boxscores/197302200BUF.html,Kansas City-Omaha Kings,106,Buffalo Braves,113,Box Score,,,
"Tue, Feb 20, 1973",/boxscores/197302200CHI.html,Los Angeles Lakers,89,Chicago Bulls,103,Box Score,,,
"Tue, Feb 20, 1973",/boxscores/197302200CLE.html,Milwaukee Bucks,118,Cleveland Cavaliers,100,Box Score,,,"at Madison, WI"
"Tue, Feb 20, 1973",/boxscores/197302200GSW.html,Atlanta Hawks,115,Golden State Warriors,118,Box Score,,,
"Tue, Feb 20, 1973",/boxscores/197302200NYK.html,Portland Trail Blazers,106,New York Knicks,110,Box Score,,,
"Wed, Feb 21, 1973",/boxscores/197302210BAL.html,Phoenix Suns,107,Baltimore Bullets,98,Box Score,,,
"Wed, Feb 21, 1973",/boxscores/197302210DET.html,Los Angeles Lakers,98,Detroit Pistons,106,Box Score,,,
"Wed, Feb 21, 1973",/boxscores/197302210HOU.html,Seattle SuperSonics,107,Houston Rockets,139,Box Score,,,"at San Antonio, TX"
"Thu, Feb 22, 1973",/boxscores/197302220KCO.html,Milwaukee Bucks,116,Kansas City-Omaha Kings,113,Box Score,OT,,"at Omaha, NE"
"Fri, Feb 23, 1973",/boxscores/197302230BUF.html,Phoenix Suns,125,Buffalo Braves,106,Box Score,,,
"Fri, Feb 23, 1973",/boxscores/197302230CHI.html,New York Knicks,83,Chicago Bulls,84,Box Score,,,
"Fri, Feb 23, 1973",/boxscores/197302230CLE.html,Portland Trail Blazers,102,Cleveland Cavaliers,121,Box Score,,,
"Fri, Feb 23, 1973",/boxscores/197302230DET.html,Baltimore Bullets,105,Detroit Pistons,107,Box Score,,,
"Fri, Feb 23, 1973",/boxscores/197302230HOU.html,Philadelphia 76ers,116,Houston Rockets,138,Box Score,,,"at Hershey, PA"
"Fri, Feb 23, 1973",/boxscores/197302230LAL.html,Golden State Warriors,111,Los Angeles Lakers,106,Box Score,,,
"Fri, Feb 23, 1973",/boxscores/197302230SEA.html,Atlanta Hawks,120,Seattle SuperSonics,124,Box Score,,,
"Sat, Feb 24, 1973",/boxscores/197302240BAL.html,Portland Trail Blazers,110,Baltimore Bullets,128,Box Score,,,
"Sat, Feb 24, 1973",/boxscores/197302240CHI.html,Phoenix Suns,100,Chicago Bulls,122,Box Score,,,
"Sat, Feb 24, 1973",/boxscores/197302240GSW.html,Milwaukee Bucks,93,Golden State Warriors,102,Box Score,,,
"Sat, Feb 24, 1973",/boxscores/197302240NYK.html,Buffalo Braves,97,New York Knicks,125,Box Score,,,
"Sun, Feb 25, 1973",/boxscores/197302250CLE.html,Boston Celtics,105,Cleveland Cavaliers,92,Box Score,,,
"Sun, Feb 25, 1973",/boxscores/197302250DET.html,Houston Rockets,112,Detroit Pistons,129,Box Score,,,
"Sun, Feb 25, 1973",/boxscores/197302250KCO.html,Phoenix Suns,111,Kansas City-Omaha Kings,109,Box Score,,,
"Sun, Feb 25, 1973",/boxscores/197302250LAL.html,Milwaukee Bucks,82,Los Angeles Lakers,91,Box Score,,,
"Sun, Feb 25, 1973",/boxscores/197302250PHI.html,Portland Trail Blazers,111,Philadelphia 76ers,115,Box Score,,,"at Pittsburgh, PA"
"Sun, Feb 25, 1973",/boxscores/197302250SEA.html,Chicago Bulls,88,Seattle SuperSonics,85,Box Score,,,
"Tue, Feb 27, 1973",/boxscores/197302270ATL.html,Seattle SuperSonics,130,Atlanta Hawks,131,Box Score,,,
"Tue, Feb 27, 1973",/boxscores/197302270BAL.html,Cleveland Cavaliers,95,Baltimore Bullets,99,Box Score,,,
"Tue, Feb 27, 1973",/boxscores/197302270BUF.html,Houston Rockets,112,Buffalo Braves,105,Box Score,,,
"Tue, Feb 27, 1973",/boxscores/197302270DET.html,Golden State Warriors,100,Detroit Pistons,114,Box Score,,,
"Tue, Feb 27, 1973",/boxscores/197302270LAL.html,Kansas City-Omaha Kings,107,Los Angeles Lakers,103,Box Score,,,
"Tue, Feb 27, 1973",/boxscores/197302270NYK.html,Boston Celtics,91,New York Knicks,123,Box Score,,,
"Tue, Feb 27, 1973",/boxscores/197302270POR.html,Chicago Bulls,125,Portland Trail Blazers,110,Box Score,,,
"Wed, Feb 28, 1973",/boxscores/197302280BOS.html,Golden State Warriors,111,Boston Celtics,118,Box Score,,,
"Wed, Feb 28, 1973",/boxscores/197302280MIL.html,Seattle SuperSonics,110,Milwaukee Bucks,124,Box Score,,,
"Wed, Feb 28, 1973",/boxscores/197302280PHI.html,Baltimore Bullets,96,Philadelphia 76ers,102,Box Score,,,
"Wed, Feb 28, 1973",/boxscores/197302280PHO.html,Kansas City-Omaha Kings,109,Phoenix Suns,107,Box Score,,,
"Thu, Mar 1, 1973",/boxscores/197303010MIL.html,New York Knicks,100,Milwaukee Bucks,114,Box Score,,,
"Fri, Mar 2, 1973",/boxscores/197303020BUF.html,Seattle SuperSonics,139,Buffalo Braves,120,Box Score,,,
"Fri, Mar 2, 1973",/boxscores/197303020DET.html,Boston Celtics,115,Detroit Pistons,101,Box Score,,,
"Fri, Mar 2, 1973",/boxscores/197303020GSW.html,Kansas City-Omaha Kings,112,Golden State Warriors,117,Box Score,,,
"Fri, Mar 2, 1973",/boxscores/197303020LAL.html,Chicago Bulls,88,Los Angeles Lakers,108,Box Score,,,
"Fri, Mar 2, 1973",/boxscores/197303020PHI.html,Atlanta Hawks,130,Philadelphia 76ers,107,Box Score,,,
"Fri, Mar 2, 1973",/boxscores/197303020POR.html,Cleveland Cavaliers,92,Portland Trail Blazers,106,Box Score,,,
"Sat, Mar 3, 1973",/boxscores/197303030ATL.html,Houston Rockets,125,Atlanta Hawks,136,Box Score,,,
"Sat, Mar 3, 1973",/boxscores/197303030DET.html,Seattle SuperSonics,115,Detroit Pistons,113,Box Score,,,
"Sat, Mar 3, 1973",/boxscores/197303030GSW.html,Chicago Bulls,117,Golden State Warriors,116,Box Score,,,
"Sat, Mar 3, 1973",/boxscores/197303030NYK.html,Baltimore Bullets,97,New York Knicks,75,Box Score,,,
"Sun, Mar 4, 1973",/boxscores/197303040ATL.html,Philadelphia 76ers,130,Atlanta Hawks,138,Box Score,,,
"Sun, Mar 4, 1973",/boxscores/197303040BAL.html,New York Knicks,97,Baltimore Bullets,106,Box Score,,,"at College Park, MD"
"Sun, Mar 4, 1973",/boxscores/197303040BOS.html,Buffalo Braves,113,Boston Celtics,125,Box Score,,,
"Sun, Mar 4, 1973",/boxscores/197303040HOU.html,Milwaukee Bucks,116,Houston Rockets,101,Box Score,,,
"Sun, Mar 4, 1973",/boxscores/197303040LAL.html,Cleveland Cavaliers,84,Los Angeles Lakers,127,Box Score,,,
"Sun, Mar 4, 1973",/boxscores/197303040PHO.html,Chicago Bulls,118,Phoenix Suns,117,Box Score,OT,,
"Sun, Mar 4, 1973",/boxscores/197303040POR.html,Detroit Pistons,113,Portland Trail Blazers,109,Box Score,,,
"Tue, Mar 6, 1973",/boxscores/197303060BUF.html,Boston Celtics,127,Buffalo Braves,112,Box Score,,,
"Tue, Mar 6, 1973",/boxscores/197303060GSW.html,Detroit Pistons,93,Golden State Warriors,108,Box Score,,,
"Tue, Mar 6, 1973",/boxscores/197303060MIL.html,Chicago Bulls,88,Milwaukee Bucks,96,Box Score,,,
"Tue, Mar 6, 1973",/boxscores/197303060NYK.html,Seattle SuperSonics,94,New York Knicks,106,Box Score,,,
"Tue, Mar 6, 1973",/boxscores/197303060PHO.html,Cleveland Cavaliers,102,Phoenix Suns,110,Box Score,,,
"Tue, Mar 6, 1973",/boxscores/197303060POR.html,Los Angeles Lakers,114,Portland Trail Blazers,102,Box Score,,,
"Wed, Mar 7, 1973",/boxscores/197303070CLE.html,Houston Rockets,100,Cleveland Cavaliers,118,Box Score,,,"at San Antonio, TX"
"Wed, Mar 7, 1973",/boxscores/197303070PHI.html,New York Knicks,120,Philadelphia 76ers,94,Box Score,,,
"Thu, Mar 8, 1973",/boxscores/197303080ATL.html,Portland Trail Blazers,129,Atlanta Hawks,135,Box Score,,,
"Thu, Mar 8, 1973",/boxscores/197303080BUF.html,Chicago Bulls,102,Buffalo Braves,112,Box Score,,,
"Thu, Mar 8, 1973",/boxscores/197303080KCO.html,Baltimore Bullets,93,Kansas City-Omaha Kings,105,Box Score,,,"at Omaha, NE"
"Thu, Mar 8, 1973",/boxscores/197303080PHO.html,Boston Celtics,141,Phoenix Suns,134,Box Score,OT,,
"Fri, Mar 9, 1973",/boxscores/197303090CHI.html,Philadelphia 76ers,84,Chicago Bulls,104,Box Score,,,"at Hershey, PA"
"Fri, Mar 9, 1973",/boxscores/197303090HOU.html,Baltimore Bullets,109,Houston Rockets,104,Box Score,,,
"Fri, Mar 9, 1973",/boxscores/197303090LAL.html,Boston Celtics,119,Los Angeles Lakers,111,Box Score,,,
"Fri, Mar 9, 1973",/boxscores/197303090MIL.html,Portland Trail Blazers,96,Milwaukee Bucks,116,Box Score,,,
"Sat, Mar 10, 1973",/boxscores/197303100ATL.html,Golden State Warriors,113,Atlanta Hawks,117,Box Score,,,
"Sat, Mar 10, 1973",/boxscores/197303100BAL.html,Chicago Bulls,105,Baltimore Bullets,99,Box Score,,,"at College Park, MD"
"Sat, Mar 10, 1973",/boxscores/197303100BUF.html,Portland Trail Blazers,101,Buffalo Braves,106,Box Score,,,
"Sat, Mar 10, 1973",/boxscores/197303100HOU.html,Cleveland Cavaliers,116,Houston Rockets,131,Box Score,,,
"Sat, Mar 10, 1973",/boxscores/197303100NYK.html,Kansas City-Omaha Kings,102,New York Knicks,125,Box Score,,,
"Sat, Mar 10, 1973",/boxscores/197303100PHI.html,Seattle SuperSonics,106,Philadelphia 76ers,96,Box Score,,,
"Sat, Mar 10, 1973",/boxscores/197303100PHO.html,Detroit Pistons,117,Phoenix Suns,110,Box Score,,,
"Sun, Mar 11, 1973",/boxscores/197303110BOS.html,New York Knicks,107,Boston Celtics,122,Box Score,,,
"Sun, Mar 11, 1973",/boxscores/197303110GSW.html,Philadelphia 76ers,93,Golden State Warriors,97,Box Score,,,"at Pittsburgh, PA"
"Sun, Mar 11, 1973",/boxscores/197303110HOU.html,Atlanta Hawks,118,Houston Rockets,129,Box Score,,,
"Sun, Mar 11, 1973",/boxscores/197303110LAL.html,Detroit Pistons,117,Los Angeles Lakers,141,Box Score,,,
"Mon, Mar 12, 1973",/boxscores/197303120MIL.html,Phoenix Suns,95,Milwaukee Bucks,126,Box Score,,,
"Tue, Mar 13, 1973",/boxscores/197303130BAL.html,Kansas City-Omaha Kings,99,Baltimore Bullets,103,Box Score,,,
"Tue, Mar 13, 1973",/boxscores/197303130BUF.html,Los Angeles Lakers,121,Buffalo Braves,112,Box Score,,,
"Tue, Mar 13, 1973",/boxscores/197303130CHI.html,Seattle SuperSonics,89,Chicago Bulls,104,Box Score,,,
"Tue, Mar 13, 1973",/boxscores/197303130CLE.html,Atlanta Hawks,107,Cleveland Cavaliers,115,Box Score,,,
"Tue, Mar 13, 1973",/boxscores/197303130NYK.html,Phoenix Suns,111,New York Knicks,115,Box Score,,,
"Tue, Mar 13, 1973",/boxscores/197303130POR.html,Golden State Warriors,109,Portland Trail Blazers,101,Box Score,,,
"Wed, Mar 14, 1973",/boxscores/197303140BOS.html,Baltimore Bullets,107,Boston Celtics,111,Box Score,,,
"Wed, Mar 14, 1973",/boxscores/197303140DET.html,Los Angeles Lakers,121,Detroit Pistons,112,Box Score,,,
"Wed, Mar 14, 1973",/boxscores/197303140PHI.html,Phoenix Suns,120,Philadelphia 76ers,114,Box Score,,,
"Thu, Mar 15, 1973",/boxscores/197303150GSW.html,Houston Rockets,125,Golden State Warriors,141,Box Score,,,
"Fri, Mar 16, 1973",/boxscores/197303160ATL.html,Phoenix Suns,127,Atlanta Hawks,135,Box Score,,,
"Fri, Mar 16, 1973",/boxscores/197303160BAL.html,Boston Celtics,97,Baltimore Bullets,103,Box Score,,,
"Fri, Mar 16, 1973",/boxscores/197303160CHI.html,Milwaukee Bucks,99,Chicago Bulls,91,Box Score,OT,,
"Fri, Mar 16, 1973",/boxscores/197303160CLE.html,Kansas City-Omaha Kings,99,Cleveland Cavaliers,114,Box Score,,,
"Fri, Mar 16, 1973",/boxscores/197303160DET.html,Buffalo Braves,100,Detroit Pistons,121,Box Score,,,
"Fri, Mar 16, 1973",/boxscores/197303160LAL.html,New York Knicks,109,Los Angeles Lakers,98,Box Score,,,
"Fri, Mar 16, 1973",/boxscores/197303160POR.html,Houston Rockets,128,Portland Trail Blazers,141,Box Score,,,
"Fri, Mar 16, 1973",/boxscores/197303160SEA.html,Golden State Warriors,106,Seattle SuperSonics,116,Box Score,,,
"Sat, Mar 17, 1973",/boxscores/197303170BUF.html,Cleveland Cavaliers,114,Buffalo Braves,97,Box Score,,,
"Sat, Mar 17, 1973",/boxscores/197303170CHI.html,Detroit Pistons,99,Chicago Bulls,97,Box Score,,,
"Sat, Mar 17, 1973",/boxscores/197303170GSW.html,New York Knicks,117,Golden State Warriors,108,Box Score,,,
"Sat, Mar 17, 1973",/boxscores/197303170PHI.html,Baltimore Bullets,120,Philadelphia 76ers,115,Box Score,,,
"Sun, Mar 18, 1973",/boxscores/197303180ATL.html,Milwaukee Bucks,105,Atlanta Hawks,104,Box Score,,,
"Sun, Mar 18, 1973",/boxscores/197303180BAL.html,Philadelphia 76ers,118,Baltimore Bullets,129,Box Score,,,
"Sun, Mar 18, 1973",/boxscores/197303180BOS.html,Kansas City-Omaha Kings,105,Boston Celtics,109,Box Score,,,
"Sun, Mar 18, 1973",/boxscores/197303180CLE.html,Buffalo Braves,101,Cleveland Cavaliers,102,Box Score,,,
"Sun, Mar 18, 1973",/boxscores/197303180DET.html,Chicago Bulls,119,Detroit Pistons,107,Box Score,,,
"Sun, Mar 18, 1973",/boxscores/197303180LAL.html,Phoenix Suns,113,Los Angeles Lakers,131,Box Score,,,
"Sun, Mar 18, 1973",/boxscores/197303180POR.html,New York Knicks,96,Portland Trail Blazers,99,Box Score,,,
"Sun, Mar 18, 1973",/boxscores/197303180SEA.html,Houston Rockets,112,Seattle SuperSonics,121,Box Score,,,
"Mon, Mar 19, 1973",/boxscores/197303190DET.html,Milwaukee Bucks,118,Detroit Pistons,99,Box Score,,,"at Madison, WI"
"Mon, Mar 19, 1973",/boxscores/197303190KCO.html,Portland Trail Blazers,105,Kansas City-Omaha Kings,106,Box Score,,,"at Omaha, NE"
"Tue, Mar 20, 1973",/boxscores/197303200ATL.html,Los Angeles Lakers,112,Atlanta Hawks,114,Box Score,,,
"Tue, Mar 20, 1973",/boxscores/197303200BOS.html,Houston Rockets,89,Boston Celtics,94,Box Score,,,"at Providence, RI"
"Tue, Mar 20, 1973",/boxscores/197303200CHI.html,Portland Trail Blazers,109,Chicago Bulls,123,Box Score,,,
"Tue, Mar 20, 1973",/boxscores/197303200CLE.html,Philadelphia 76ers,105,Cleveland Cavaliers,131,Box Score,,,
"Tue, Mar 20, 1973",/boxscores/197303200GSW.html,Seattle SuperSonics,106,Golden State Warriors,114,Box Score,,,
"Tue, Mar 20, 1973",/boxscores/197303200KCO.html,Buffalo Braves,115,Kansas City-Omaha Kings,119,Box Score,,,
"Wed, Mar 21, 1973",/boxscores/197303210BAL.html,Houston Rockets,118,Baltimore Bullets,110,Box Score,,,
"Wed, Mar 21, 1973",/boxscores/197303210BOS.html,Chicago Bulls,105,Boston Celtics,106,Box Score,,,
"Wed, Mar 21, 1973",/boxscores/197303210DET.html,Portland Trail Blazers,109,Detroit Pistons,122,Box Score,,,
"Wed, Mar 21, 1973",/boxscores/197303210KCO.html,Los Angeles Lakers,124,Kansas City-Omaha Kings,118,Box Score,,,
"Wed, Mar 21, 1973",/boxscores/197303210NYK.html,Atlanta Hawks,98,New York Knicks,93,Box Score,,,
"Wed, Mar 21, 1973",/boxscores/197303210PHI.html,Cleveland Cavaliers,112,Philadelphia 76ers,109,Box Score,,,
"Wed, Mar 21, 1973",/boxscores/197303210PHO.html,Buffalo Braves,124,Phoenix Suns,134,Box Score,OT,,
"Wed, Mar 21, 1973",/boxscores/197303210SEA.html,Milwaukee Bucks,119,Seattle SuperSonics,96,Box Score,,,
"Thu, Mar 22, 1973",/boxscores/197303220GSW.html,Milwaukee Bucks,108,Golden State Warriors,98,Box Score,,,
"Fri, Mar 23, 1973",/boxscores/197303230BOS.html,Atlanta Hawks,108,Boston Celtics,124,Box Score,,,
"Fri, Mar 23, 1973",/boxscores/197303230CLE.html,Baltimore Bullets,106,Cleveland Cavaliers,104,Box Score,,,
"Fri, Mar 23, 1973",/boxscores/197303230LAL.html,Buffalo Braves,101,Los Angeles Lakers,121,Box Score,,,
"Fri, Mar 23, 1973",/boxscores/197303230PHI.html,Houston Rockets,132,Philadelphia 76ers,112,Box Score,,,
"Fri, Mar 23, 1973",/boxscores/197303230PHO.html,Golden State Warriors,124,Phoenix Suns,125,Box Score,,,
"Fri, Mar 23, 1973",/boxscores/197303230SEA.html,Portland Trail Blazers,118,Seattle SuperSonics,112,Box Score,,,
"Sat, Mar 24, 1973",/boxscores/197303240ATL.html,Chicago Bulls,111,Atlanta Hawks,113,Box Score,,,
"Sat, Mar 24, 1973",/boxscores/197303240BAL.html,Cleveland Cavaliers,116,Baltimore Bullets,120,Box Score,OT,,
"Sat, Mar 24, 1973",/boxscores/197303240DET.html,Kansas City-Omaha Kings,98,Detroit Pistons,110,Box Score,,,
"Sat, Mar 24, 1973",/boxscores/197303240GSW.html,Buffalo Braves,101,Golden State Warriors,106,Box Score,,,
"Sat, Mar 24, 1973",/boxscores/197303240NYK.html,Boston Celtics,108,New York Knicks,103,Box Score,,,
"Sun, Mar 25, 1973",/boxscores/197303250BAL.html,Atlanta Hawks,105,Baltimore Bullets,112,Box Score,,,
"Sun, Mar 25, 1973",/boxscores/197303250CLE.html,Chicago Bulls,105,Cleveland Cavaliers,112,Box Score,,,
"Sun, Mar 25, 1973",/boxscores/197303250DET.html,Philadelphia 76ers,96,Detroit Pistons,115,Box Score,,,"at Pittsburgh, PA"
"Sun, Mar 25, 1973",/boxscores/197303250HOU.html,Boston Celtics,125,Houston Rockets,121,Box Score,,,
"Sun, Mar 25, 1973",/boxscores/197303250PHO.html,Milwaukee Bucks,114,Phoenix Suns,112,Box Score,,,
"Sun, Mar 25, 1973",/boxscores/197303250POR.html,Buffalo Braves,107,Portland Trail Blazers,113,Box Score,OT,,
"Sun, Mar 25, 1973",/boxscores/197303250SEA.html,Los Angeles Lakers,109,Seattle SuperSonics,93,Box Score,,,
"Mon, Mar 26, 1973",/boxscores/197303260GSW.html,Phoenix Suns,120,Golden State Warriors,114,Box Score,,,
"Mon, Mar 26, 1973",/boxscores/197303260POR.html,Milwaukee Bucks,118,Portland Trail Blazers,99,Box Score,,,
"Tue, Mar 27, 1973",/boxscores/197303270ATL.html,Boston Celtics,117,Atlanta Hawks,110,Box Score,,,
"Tue, Mar 27, 1973",/boxscores/197303270BAL.html,Detroit Pistons,112,Baltimore Bullets,98,Box Score,,,
"Tue, Mar 27, 1973",/boxscores/197303270BUF.html,Houston Rockets,121,Buffalo Braves,111,Box Score,,,"at San Antonio, TX"
"Tue, Mar 27, 1973",/boxscores/197303270CHI.html,Cleveland Cavaliers,105,Chicago Bulls,121,Box Score,,,
"Tue, Mar 27, 1973",/boxscores/197303270LAL.html,Milwaukee Bucks,85,Los Angeles Lakers,84,Box Score,,,
"Wed, Mar 28, 1973",/boxscores/197303280BOS.html,Baltimore Bullets,101,Boston Celtics,120,Box Score,,,
"Wed, Mar 28, 1973",/boxscores/197303280BUF.html,Houston Rockets,138,Buffalo Braves,122,Box Score,,,"at San Antonio, TX"
"Wed, Mar 28, 1973",/boxscores/197303280CLE.html,Detroit Pistons,131,Cleveland Cavaliers,119,Box Score,OT,,
"Wed, Mar 28, 1973",/boxscores/197303280GSW.html,Los Angeles Lakers,96,Golden State Warriors,89,Box Score,,,
"Wed, Mar 28, 1973",/boxscores/197303280SEA.html,Phoenix Suns,127,Seattle SuperSonics,125,Box Score,,,
Playoffs,
"Fri, Mar 30, 1973",/boxscores/197303300LAL.html,Chicago Bulls,104,Los Angeles Lakers,107,Box Score,OT,,
"Fri, Mar 30, 1973",/boxscores/197303300MIL.html,Golden State Warriors,90,Milwaukee Bucks,110,Box Score,,,
"Fri, Mar 30, 1973",/boxscores/197303300NYK.html,Baltimore Bullets,83,New York Knicks,95,Box Score,,,
"Sun, Apr 1, 1973",/boxscores/197304010LAL.html,Chicago Bulls,93,Los Angeles Lakers,108,Box Score,,,
"Sun, Apr 1, 1973",/boxscores/197304010BOS.html,Atlanta Hawks,109,Boston Celtics,134,Box Score,,,
"Sun, Apr 1, 1973",/boxscores/197304010NYK.html,Baltimore Bullets,103,New York Knicks,123,Box Score,,,
"Sun, Apr 1, 1973",/boxscores/197304010MIL.html,Golden State Warriors,95,Milwaukee Bucks,92,Box Score,,,
"Wed, Apr 4, 1973",/boxscores/197304040ATL.html,Boston Celtics,126,Atlanta Hawks,113,Box Score,,,
"Wed, Apr 4, 1973",/boxscores/197304040BAL.html,New York Knicks,103,Baltimore Bullets,96,Box Score,,,
"Thu, Apr 5, 1973",/boxscores/197304050GSW.html,Milwaukee Bucks,113,Golden State Warriors,93,Box Score,,,
"Fri, Apr 6, 1973",/boxscores/197304060BAL.html,New York Knicks,89,Baltimore Bullets,97,Box Score,,,
"Fri, Apr 6, 1973",/boxscores/197304060BOS.html,Atlanta Hawks,118,Boston Celtics,105,Box Score,,,
"Fri, Apr 6, 1973",/boxscores/197304060CHI.html,Los Angeles Lakers,86,Chicago Bulls,96,Box Score,,,
"Sat, Apr 7, 1973",/boxscores/197304070GSW.html,Milwaukee Bucks,97,Golden State Warriors,102,Box Score,,,
"Sun, Apr 8, 1973",/boxscores/197304080ATL.html,Boston Celtics,94,Atlanta Hawks,97,Box Score,,,
"Sun, Apr 8, 1973",/boxscores/197304080CHI.html,Los Angeles Lakers,94,Chicago Bulls,98,Box Score,,,
"Sun, Apr 8, 1973",/boxscores/197304080NYK.html,Baltimore Bullets,99,New York Knicks,109,Box Score,,,
"Tue, Apr 10, 1973",/boxscores/197304100LAL.html,Chicago Bulls,102,Los Angeles Lakers,123,Box Score,,,
"Tue, Apr 10, 1973",/boxscores/197304100MIL.html,Golden State Warriors,100,Milwaukee Bucks,97,Box Score,,,"at Madison, WI"
"Wed, Apr 11, 1973",/boxscores/197304110BOS.html,Atlanta Hawks,101,Boston Celtics,108,Box Score,,,
"Fri, Apr 13, 1973",/boxscores/197304130ATL.html,Boston Celtics,121,Atlanta Hawks,103,Box Score,,,
"Fri, Apr 13, 1973",/boxscores/197304130CHI.html,Los Angeles Lakers,93,Chicago Bulls,101,Box Score,,,
"Fri, Apr 13, 1973",/boxscores/197304130GSW.html,Milwaukee Bucks,86,Golden State Warriors,100,Box Score,,,
"Sun, Apr 15, 1973",/boxscores/197304150BOS.html,New York Knicks,108,Boston Celtics,134,Box Score,,,
"Sun, Apr 15, 1973",/boxscores/197304150LAL.html,Chicago Bulls,92,Los Angeles Lakers,95,Box Score,,,
"Tue, Apr 17, 1973",/boxscores/197304170LAL.html,Golden State Warriors,99,Los Angeles Lakers,101,Box Score,,,
"Wed, Apr 18, 1973",/boxscores/197304180NYK.html,Boston Celtics,96,New York Knicks,129,Box Score,,,
"Thu, Apr 19, 1973",/boxscores/197304190LAL.html,Golden State Warriors,93,Los Angeles Lakers,104,Box Score,,,
"Fri, Apr 20, 1973",/boxscores/197304200BOS.html,New York Knicks,98,Boston Celtics,91,Box Score,,,
"Sat, Apr 21, 1973",/boxscores/197304210GSW.html,Los Angeles Lakers,126,Golden State Warriors,70,Box Score,,,
"Sun, Apr 22, 1973",/boxscores/197304220NYK.html,Boston Celtics,110,New York Knicks,117,Box Score,2OT,,
"Mon, Apr 23, 1973",/boxscores/197304230GSW.html,Los Angeles Lakers,109,Golden State Warriors,117,Box Score,,,
"Wed, Apr 25, 1973",/boxscores/197304250BOS.html,New York Knicks,97,Boston Celtics,98,Box Score,,,
"Wed, Apr 25, 1973",/boxscores/197304250LAL.html,Golden State Warriors,118,Los Angeles Lakers,128,Box Score,,,
"Fri, Apr 27, 1973",/boxscores/197304270NYK.html,Boston Celtics,110,New York Knicks,100,Box Score,,,
"Sun, Apr 29, 1973",/boxscores/197304290BOS.html,New York Knicks,94,Boston Celtics,78,Box Score,,,
"Tue, May 1, 1973",/boxscores/197305010LAL.html,New York Knicks,112,Los Angeles Lakers,115,Box Score,,"17,505",
"Thu, May 3, 1973",/boxscores/197305030LAL.html,New York Knicks,99,Los Angeles Lakers,95,Box Score,,"17,505",
"Sun, May 6, 1973",/boxscores/197305060NYK.html,Los Angeles Lakers,83,New York Knicks,87,Box Score,,"19,694",
"Tue, May 8, 1973",/boxscores/197305080NYK.html,Los Angeles Lakers,98,New York Knicks,103,Box Score,,"19,694",
"Thu, May 10, 1973",/boxscores/197305100LAL.html,New York Knicks,102,Los Angeles Lakers,93,Box Score,,"17,505",
